,DateTime,Temp_C,SpCond_mscm,Cond_mscm,Depth_m,pH,pHmV,ORP,ODO_mgl,Chlorophyll_ugl,Chlorophyll_rfu,BGA_PC_cellsml,BGA_PC_rfu,Turbidity_ntu,YSI Datafile
0,10/9/13 12:44,15.59,0.133,0.109,-0.001,7.55,-63.2,-906,10.76,4.3,1,2915,1.4,2.8,MAIN2013.DAT
1,10/9/13 12:44,15.6,0.133,0.109,0.04,7.57,-64.7,-797,10.76,5,1.2,2704,1.3,2.9,MAIN2013.DAT
2,10/9/13 12:44,15.6,0.133,0.109,0.032,7.6,-66,-787,10.76,5.4,1.3,5388,2.6,2.8,MAIN2013.DAT
3,10/9/13 12:45,15.54,0.133,0.109,0.502,7.63,-68,-807,10.77,5.7,1.4,3280,1.6,2.7,MAIN2013.DAT
4,10/9/13 12:45,15.53,0.133,0.109,0.5,7.64,-68.6,-773,10.78,6.1,1.5,2975,1.4,2.8,MAIN2013.DAT
5,10/9/13 12:45,15.24,0.132,0.107,1,7.69,-71.2,-584,10.79,9.3,2.2,3613,1.7,3.8,MAIN2013.DAT
6,10/9/13 12:45,15.17,0.131,0.107,1,7.69,-71.4,-531,10.82,11.2,2.7,2968,1.4,3.6,MAIN2013.DAT
7,10/9/13 12:45,15.05,0.132,0.107,1.018,7.71,-72.3,-491,10.82,13.6,3.3,2618,1.3,3.3,MAIN2013.DAT
8,10/9/13 12:46,14.77,0.131,0.106,1.537,7.65,-68.9,-417,10.71,10.4,2.5,1700,0.8,3,MAIN2013.DAT
9,10/9/13 12:46,14.77,0.131,0.106,1.542,7.64,-68.5,-409,10.68,9.1,2.2,1636,0.8,3.1,MAIN2013.DAT
10,10/9/13 12:46,14.76,0.131,0.106,1.527,7.62,-67.4,-377,10.64,8,1.9,1655,0.8,3.2,MAIN2013.DAT
11,10/9/13 12:46,14.7,0.13,0.105,1.985,7.59,-65.8,-290,10.59,6.3,1.5,1458,0.7,3.2,MAIN2013.DAT
12,10/9/13 12:46,14.69,0.13,0.105,1.987,7.58,-65,-275,10.53,5.3,1.3,1435,0.7,3,MAIN2013.DAT
13,10/9/13 12:46,14.69,0.13,0.105,1.997,7.56,-63.8,-253,10.46,4.2,1,1027,0.5,3,MAIN2013.DAT
14,10/9/13 12:47,14.66,0.13,0.104,2.476,7.48,-59.3,-162,10.19,2.3,0.5,670,0.3,2.8,MAIN2013.DAT
15,10/9/13 12:47,14.66,0.13,0.105,2.497,7.47,-58.7,-149,10.16,1.8,0.4,562,0.3,3.1,MAIN2013.DAT
16,10/9/13 12:47,14.66,0.131,0.105,2.496,7.46,-57.8,-115,10.12,1.8,0.4,588,0.3,2.9,MAIN2013.DAT
17,10/9/13 12:47,14.66,0.13,0.104,2.502,7.44,-57,-90,10.09,2.1,0.5,595,0.3,2.8,MAIN2013.DAT
18,10/23/13 13:09,11.61,0.158,0.117,0.112,6.58,-8.3,2014,10.34,3.9,0.9,789,0.4,3.7,MAIN2013.DAT
19,10/23/13 13:10,11.61,0.158,0.117,0.093,6.65,-12.7,2035,10.33,3.8,0.9,773,0.4,4.2,MAIN2013.DAT
20,10/23/13 13:10,11.62,0.158,0.117,0.146,6.65,-12.9,2121,10.31,3.4,0.8,703,0.3,3.7,MAIN2013.DAT
21,10/23/13 13:10,11.61,0.158,0.117,0.521,6.69,-14.6,2146,10.3,3.9,0.9,736,0.4,3.5,MAIN2013.DAT
22,10/23/13 13:10,11.6,0.157,0.117,0.523,6.69,-14.9,2152,10.28,3.6,0.9,952,0.5,3.7,MAIN2013.DAT
23,10/23/13 13:10,11.61,0.158,0.117,0.527,6.7,-15.5,2136,10.29,3.8,0.9,1895,0.9,3.6,MAIN2013.DAT
24,10/23/13 13:11,11.61,0.157,0.117,1.002,6.74,-17.6,2094,10.27,3.5,0.8,1397,0.7,3.4,MAIN2013.DAT
25,10/23/13 13:11,11.61,0.157,0.117,1.007,6.75,-18.1,2064,10.25,3.5,0.8,1093,0.5,3.4,MAIN2013.DAT
26,10/23/13 13:11,11.61,0.157,0.117,1.006,6.76,-18.7,2045,10.26,3.4,0.8,1298,0.6,3.4,MAIN2013.DAT
27,10/23/13 13:11,11.6,0.157,0.117,1.515,6.79,-20.5,2025,10.23,3.2,0.8,1085,0.5,5.1,MAIN2013.DAT
28,10/23/13 13:11,11.6,0.157,0.117,1.511,6.79,-20.9,2016,10.23,3.1,0.7,1144,0.5,4.7,MAIN2013.DAT
29,10/23/13 13:11,11.6,0.157,0.117,1.503,6.78,-20.2,2003,10.23,3.4,0.8,1025,0.5,4.4,MAIN2013.DAT
30,10/23/13 13:12,11.58,0.157,0.117,2.014,6.82,-22.5,1975,10.22,3.8,0.9,854,0.4,3.7,MAIN2013.DAT
31,10/23/13 13:12,11.58,0.157,0.117,2.022,6.82,-22.6,1978,10.22,3.6,0.9,796,0.4,3.7,MAIN2013.DAT
32,10/23/13 13:12,11.58,0.157,0.117,2.023,6.83,-22.7,1959,10.23,3.6,0.9,876,0.4,3.6,MAIN2013.DAT
33,10/23/13 13:12,11.58,0.157,0.117,2.509,6.85,-24,1950,10.2,3,0.7,884,0.4,3.5,MAIN2013.DAT
34,10/23/13 13:12,11.58,0.157,0.117,2.519,6.85,-24.1,1938,10.21,2.9,0.7,910,0.4,3.4,MAIN2013.DAT
35,10/23/13 13:12,11.58,0.157,0.116,2.512,6.85,-24.4,1925,10.21,3,0.7,778,0.4,3.4,MAIN2013.DAT
36,10/29/13 9:53,6.6,0.145,0.094,0.048,7.39,-54.8,1096,11.84,2.6,0.6,425,0.2,4.5,MAIN2013.DAT
37,10/29/13 9:53,6.6,0.145,0.094,0.06,7.36,-53.1,1360,11.83,2.7,0.6,717,0.3,4.5,MAIN2013.DAT
38,10/29/13 9:53,6.6,0.145,0.094,0.04,7.38,-54.2,1371,11.82,2.5,0.6,617,0.3,4.5,MAIN2013.DAT
39,10/29/13 9:53,6.6,0.145,0.094,0.461,7.34,-51.8,1522,11.79,2.5,0.6,693,0.3,4.7,MAIN2013.DAT
40,10/29/13 9:53,6.6,0.145,0.094,0.522,7.33,-51.3,1581,11.79,2.8,0.7,731,0.4,4.5,MAIN2013.DAT
41,10/29/13 9:53,6.59,0.145,0.094,0.506,7.33,-51.5,1636,11.75,3.2,0.8,649,0.3,4.7,MAIN2013.DAT
42,10/29/13 9:54,6.59,0.145,0.094,0.984,7.32,-50.6,1791,11.73,3.1,0.7,770,0.4,4.6,MAIN2013.DAT
43,10/29/13 9:54,6.58,0.145,0.094,1.011,7.31,-50.5,1816,11.72,2.8,0.7,769,0.4,4.7,MAIN2013.DAT
44,10/29/13 9:54,6.57,0.144,0.094,0.97,7.31,-50.4,1841,11.71,3.1,0.8,653,0.3,4.7,MAIN2013.DAT
45,10/29/13 9:54,6.6,0.145,0.094,1.468,7.3,-49.7,1926,11.69,3,0.7,811,0.4,4.7,MAIN2013.DAT
46,10/29/13 9:54,6.6,0.145,0.094,1.48,7.3,-49.5,1952,11.7,3.1,0.7,855,0.4,4.7,MAIN2013.DAT
47,10/29/13 9:54,6.6,0.145,0.094,1.462,7.3,-49.4,1985,11.69,3.3,0.8,1045,0.5,4.6,MAIN2013.DAT
48,10/29/13 9:55,6.59,0.145,0.094,2.006,7.29,-49.1,2103,11.72,3.2,0.8,873,0.4,4.6,MAIN2013.DAT
49,10/29/13 9:55,6.59,0.145,0.094,1.998,7.29,-48.9,2124,11.73,2.5,0.6,836,0.4,4.6,MAIN2013.DAT
50,10/29/13 9:55,6.59,0.145,0.094,2.005,7.29,-48.9,2142,11.73,2.7,0.6,735,0.4,4.6,MAIN2013.DAT
51,10/29/13 9:55,6.58,0.145,0.094,2.482,7.28,-48.6,2185,11.75,3.2,0.8,692,0.3,4.6,MAIN2013.DAT
52,10/29/13 9:55,6.58,0.144,0.094,2.481,7.28,-48.7,2221,11.75,3.4,0.8,652,0.3,4.7,MAIN2013.DAT
53,10/29/13 9:55,6.58,0.145,0.094,2.487,7.28,-48.6,2256,11.74,3.1,0.7,730,0.4,4.7,MAIN2013.DAT
54,10/29/13 9:55,6.59,0.145,0.094,2.475,7.29,-48.9,2267,11.74,3.3,0.8,799,0.4,4.7,MAIN2013.DAT
0,10/15/13 10:27,14.74,0.159,128,0.034,7.5,-59.1,-3016,9.6,3.9,0.9,992,0.5,1.4,MAIN13B.DAT
1,10/15/13 10:28,14.75,0.159,128,0.052,7.49,-58.1,-3016,9.59,4,0.9,1019,0.5,1.6,MAIN13B.DAT
2,10/15/13 10:28,14.75,0.159,128,0.015,7.46,-56.5,-3015,9.58,4.1,1,1028,0.5,1.4,MAIN13B.DAT
3,10/15/13 10:28,14.66,0.159,127,0.511,7.43,-54.7,-3015,9.6,5,1.2,1002,0.5,1.8,MAIN13B.DAT
4,10/15/13 10:28,14.64,0.159,127,0.495,7.43,-54.5,-3014,9.59,5.3,1.3,1036,0.5,1.7,MAIN13B.DAT
5,10/15/13 10:28,14.64,0.159,127,0.477,7.42,-54.4,-3015,9.59,5.2,1.3,994,0.5,1.6,MAIN13B.DAT
6,10/15/13 10:29,14.5,0.159,127,0.992,7.41,-53.9,-3015,9.58,6.2,1.5,1172,0.6,1.6,MAIN13B.DAT
7,10/15/13 10:29,14.5,0.158,127,0.989,7.41,-53.7,-3015,9.57,6.6,1.6,1187,0.6,1.6,MAIN13B.DAT
8,10/15/13 10:29,14.51,0.158,127,0.994,7.41,-53.7,-3015,9.57,7,1.7,6702,3.2,1.6,MAIN13B.DAT
9,10/15/13 10:29,14.46,0.159,127,1.495,7.4,-52.8,-3015,9.54,5.6,1.4,4062,1.9,1.7,MAIN13B.DAT
10,10/15/13 10:29,14.47,0.158,127,1.505,7.39,-52.3,-3015,9.5,5.5,1.3,2823,1.4,1.8,MAIN13B.DAT
11,10/15/13 10:29,14.47,0.158,126,1.499,7.39,-52.2,-3015,9.51,5.3,1.3,2515,1.2,1.9,MAIN13B.DAT
12,10/15/13 10:30,14.45,0.159,127,2.005,7.38,-51.8,-3016,9.47,4.7,1.1,1977,0.9,1.7,MAIN13B.DAT
13,10/15/13 10:30,14.46,0.158,126,2.01,7.38,-51.7,-3016,9.46,4.4,1.1,1849,0.9,1.6,MAIN13B.DAT
14,10/15/13 10:30,14.46,0.159,127,2.008,7.38,-51.6,-3015,9.45,4.2,1,1633,0.8,1.6,MAIN13B.DAT
15,10/15/13 10:30,14.46,0.159,127,2.497,7.37,-51.2,-3016,9.42,3.2,0.8,1002,0.5,1.7,MAIN13B.DAT
16,10/15/13 10:30,14.46,0.159,127,2.495,7.37,-51.2,-3016,9.4,3.1,0.7,885,0.4,1.7,MAIN13B.DAT
17,10/15/13 10:30,14.46,0.159,127,2.496,7.37,-51.2,-3016,9.39,3.4,0.8,821,0.4,1.7,MAIN13B.DAT
55,1/10/14 11:36,0.02,0.157,0.082,0.052,8.99,-145.2,3832,13.55,1.5,0.4,1869,0.9,5.2,
56,1/10/14 11:36,0.03,0.118,0.062,0.112,8.46,-116.2,3833,13.6,1.8,0.4,778,0.4,6.8,
57,1/10/14 11:36,0.04,0.117,0.061,0.115,8.26,-105.3,3836,13.63,1.6,0.4,684,0.3,6.6,
58,1/10/14 11:37,0.01,0.105,0.055,0.477,7.92,-86.7,3838,13.67,1.6,0.4,580,0.3,6.7,
59,1/10/14 11:37,0.01,0.105,0.055,0.479,7.75,-77.7,3840,13.68,1.7,0.4,435,0.2,6.7,
60,1/10/14 11:37,0,0.105,0.055,0.479,7.57,-67.7,3842,13.72,1.9,0.4,380,0.2,6.6,
61,1/10/14 11:37,0.02,0.104,0.054,1.036,7.42,-59.6,3846,13.73,1.6,0.4,451,0.2,7,
62,1/10/14 11:38,0.02,0.104,0.054,1.033,7.34,-55.3,3849,13.72,1.7,0.4,365,0.2,7.5,
63,1/10/14 11:38,0.03,0.104,0.054,1.036,7.27,-51.4,3851,13.75,1.5,0.4,351,0.2,7.5,
64,1/10/14 11:38,0.04,0.105,0.055,1.553,7.17,-46.1,3853,13.73,1.7,0.4,160,0.1,9.3,
65,1/10/14 11:38,0.04,0.105,0.055,1.549,7.11,-42.6,3857,13.74,1.5,0.4,118,0.1,9.8,
66,1/10/14 11:38,0.08,0.105,0.055,1.549,7.06,-39.8,3858,13.74,1.6,0.4,85,0,9.9,
67,1/10/14 11:39,0.01,0.109,0.057,1.994,7.01,-37.4,3863,13.78,1.6,0.4,129,0.1,10.9,
68,1/10/14 11:39,0.03,0.109,0.057,1.987,7,-36.4,3865,13.78,1.5,0.4,219,0.1,11.2,
69,1/10/14 11:39,0.03,0.109,0.057,1.988,6.97,-35.1,3866,13.78,1.8,0.4,193,0.1,11.4,
70,1/10/14 11:39,0.65,0.118,0.063,2.532,6.94,-33.4,3871,13.66,1.4,0.3,257,0.1,7.6,
71,1/10/14 11:39,0.68,0.117,0.063,2.532,6.92,-32.4,3873,13.64,1.4,0.3,230,0.1,7.2,
72,1/10/14 11:40,0.78,0.117,0.063,2.535,6.9,-31.3,3875,13.59,1.4,0.3,153,0.1,6.7,
73,1/10/14 11:40,1.49,0.119,0.066,3.029,6.92,-32.3,3882,13.46,1.4,0.3,-66,0,5.7,
74,1/10/14 11:40,1.62,0.12,0.066,3.038,6.91,-31.7,3881,13.38,1.4,0.3,-28,0,5.6,
75,1/10/14 11:40,1.93,0.118,0.066,3.041,6.89,-30.8,3884,13.01,1.3,0.3,198,0.1,5.3,
76,1/10/14 11:41,3.21,0.12,0.07,3.089,7.08,-40.8,3897,9.63,2.1,0.5,717,0.3,20,
77,1/10/14 11:42,3.09,0.12,0.07,3.095,7.11,-42.8,3897,9.5,1.9,0.4,689,0.3,16.8,
78,1/10/14 11:42,3.06,0.12,0.07,3.094,7.15,-44.7,3897,9.34,2.1,0.5,596,0.3,16,
79,1/31/14 11:46,0.36,0.123,0.065,0.508,7.12,-35,3818,13.73,1.9,0.5,5240,2.5,1.3,
80,1/31/14 11:47,0.51,0.12,0.064,0.544,5.99,21.4,3822,13.88,1.7,0.4,236,0.1,1.5,
81,1/31/14 11:48,0.64,0.119,0.064,0.513,5.94,23.8,3824,13.83,0.8,0.2,277,0.1,1.4,
82,1/31/14 11:48,0.66,0.119,0.064,0.517,5.94,24,3826,13.83,1.4,0.3,171,0.1,1.5,
83,1/31/14 11:49,0.66,0.117,0.063,1.051,6.15,13.6,3837,13.86,1.7,0.4,-64,0,1.7,
84,1/31/14 11:49,0.76,0.117,0.063,1.066,6.16,12.9,3843,13.82,1.1,0.3,-136,-0.1,1.7,
85,1/31/14 11:49,0.82,0.117,0.063,1.046,6.2,11.2,3845,13.79,1.7,0.4,153,0.1,1.8,
86,1/31/14 11:50,0.74,0.116,0.062,1.513,6.35,3.3,3854,13.84,1.4,0.3,69,0,1.7,
87,1/31/14 11:51,0.77,0.116,0.062,1.537,6.39,1.3,3861,13.82,1.3,0.3,204,0.1,1.6,
88,1/31/14 11:51,0.85,0.116,0.062,1.537,6.47,-2.4,3869,13.74,1.5,0.3,290,0.1,1.7,
89,1/31/14 11:52,0.8,0.115,0.062,2.044,6.71,-14.5,3507,13.76,1.4,0.3,202,0.1,1.9,
90,1/31/14 11:53,0.81,0.115,0.062,2.034,6.77,-17.2,3220,13.73,1.8,0.4,184,0.1,1.9,
91,1/31/14 11:53,0.84,0.115,0.062,2.028,6.78,-18.1,3118,13.73,1.5,0.4,235,0.1,1.9,
92,1/31/14 11:54,1.31,0.109,0.06,2.528,6.92,-24.7,2630,13.44,1.8,0.4,275,0.1,2.6,
93,1/31/14 11:55,1.57,0.107,0.059,2.519,6.96,-27,2513,13.17,2.5,0.6,265,0.1,2.7,
94,1/31/14 11:55,1.72,0.105,0.058,2.533,6.97,-27.5,2487,12.96,2.8,0.7,296,0.1,2.8,
95,1/31/14 11:56,2.31,0.105,0.06,2.983,7.11,-34.3,2222,11.79,1.5,0.4,332,0.2,3.6,
96,1/31/14 11:56,2.65,0.105,0.06,2.969,7.13,-35.5,2199,11.25,2.1,0.5,360,0.2,3.6,
97,1/31/14 11:57,2.7,0.105,0.06,2.971,7.14,-36.1,2173,10.95,2.2,0.5,68,0,3.5,
98,1/31/14 11:58,3.09,0.112,0.065,3.258,7.15,-36.7,2108,10.03,2,0.5,312,0.1,4,
99,1/31/14 11:58,3.24,0.113,0.066,3.231,7.15,-36.7,2091,9.44,1.6,0.4,359,0.2,4.1,
100,1/31/14 11:59,3.24,0.113,0.066,3.206,7.2,-39.2,2011,8.87,1.8,0.4,310,0.1,4.1,
101,1/31/14 11:59,3.41,0.113,0.067,3.285,7.21,-39.5,1994,8.53,2.2,0.5,148,0.1,4.1,
79,1/31/14 11:46,0.36,0.123,0.065,0.508,7.12,-35,3818,13.73,1.9,0.5,5240,2.5,1.3,
80,1/31/14 11:47,0.51,0.12,0.064,0.544,5.99,21.4,3822,13.88,1.7,0.4,236,0.1,1.5,
81,1/31/14 11:48,0.64,0.119,0.064,0.513,5.94,23.8,3824,13.83,0.8,0.2,277,0.1,1.4,
82,1/31/14 11:48,0.66,0.119,0.064,0.517,5.94,24,3826,13.83,1.4,0.3,171,0.1,1.5,
83,1/31/14 11:49,0.66,0.117,0.063,1.051,6.15,13.6,3837,13.86,1.7,0.4,-64,0,1.7,
84,1/31/14 11:49,0.76,0.117,0.063,1.066,6.16,12.9,3843,13.82,1.1,0.3,-136,-0.1,1.7,
85,1/31/14 11:49,0.82,0.117,0.063,1.046,6.2,11.2,3845,13.79,1.7,0.4,153,0.1,1.8,
86,1/31/14 11:50,0.74,0.116,0.062,1.513,6.35,3.3,3854,13.84,1.4,0.3,69,0,1.7,
87,1/31/14 11:51,0.77,0.116,0.062,1.537,6.39,1.3,3861,13.82,1.3,0.3,204,0.1,1.6,
88,1/31/14 11:51,0.85,0.116,0.062,1.537,6.47,-2.4,3869,13.74,1.5,0.3,290,0.1,1.7,
89,1/31/14 11:52,0.8,0.115,0.062,2.044,6.71,-14.5,3507,13.76,1.4,0.3,202,0.1,1.9,
90,1/31/14 11:53,0.81,0.115,0.062,2.034,6.77,-17.2,3220,13.73,1.8,0.4,184,0.1,1.9,
91,1/31/14 11:53,0.84,0.115,0.062,2.028,6.78,-18.1,3118,13.73,1.5,0.4,235,0.1,1.9,
92,1/31/14 11:54,1.31,0.109,0.06,2.528,6.92,-24.7,2630,13.44,1.8,0.4,275,0.1,2.6,
93,1/31/14 11:55,1.57,0.107,0.059,2.519,6.96,-27,2513,13.17,2.5,0.6,265,0.1,2.7,
94,1/31/14 11:55,1.72,0.105,0.058,2.533,6.97,-27.5,2487,12.96,2.8,0.7,296,0.1,2.8,
95,1/31/14 11:56,2.31,0.105,0.06,2.983,7.11,-34.3,2222,11.79,1.5,0.4,332,0.2,3.6,
96,1/31/14 11:56,2.65,0.105,0.06,2.969,7.13,-35.5,2199,11.25,2.1,0.5,360,0.2,3.6,
97,1/31/14 11:57,2.7,0.105,0.06,2.971,7.14,-36.1,2173,10.95,2.2,0.5,68,0,3.5,
98,1/31/14 11:58,3.09,0.112,0.065,3.258,7.15,-36.7,2108,10.03,2,0.5,312,0.1,4,
99,1/31/14 11:58,3.24,0.113,0.066,3.231,7.15,-36.7,2091,9.44,1.6,0.4,359,0.2,4.1,
100,1/31/14 11:59,3.24,0.113,0.066,3.206,7.2,-39.2,2011,8.87,1.8,0.4,310,0.1,4.1,
101,1/31/14 11:59,3.41,0.113,0.067,3.285,7.21,-39.5,1994,8.53,2.2,0.5,148,0.1,4.1,
102,2/13/14 10:59,0.06,0.13,0.068,0.518,7.61,-59.3,3663,14.08,1,0.3,1970,0.9,1.2,
103,2/13/14 10:59,0.08,0.13,0.068,0.527,7.27,-42.5,3668,14.1,1.6,0.4,552,0.3,1.1,
104,2/13/14 11:01,0.1,0.131,0.068,0.538,6.98,-27.9,3686,14.09,1.8,0.4,201,0.1,1.2,
105,2/13/14 11:02,0.12,0.128,0.067,0.956,6.64,-10.9,3454,14.06,0.8,0.2,-87,0,1.2,
106,2/13/14 11:02,0.17,0.128,0.067,0.955,6.65,-11.4,3331,14,1.2,0.3,-214,-0.1,1.3,
107,2/13/14 11:03,0.19,0.128,0.067,0.948,6.64,-11.2,3224,13.99,1.5,0.4,-323,-0.2,1.3,
108,2/13/14 11:04,0.34,0.124,0.066,1.461,6.54,-5.9,2786,13.92,1.5,0.4,51,0,1.6,
109,2/13/14 11:04,0.39,0.124,0.066,1.476,6.54,-6,2743,13.88,1.9,0.4,26,0,1.5,
110,2/13/14 11:04,0.41,0.124,0.066,1.459,6.54,-5.9,2707,13.88,1.7,0.4,46,0,1.5,
111,2/13/14 11:05,1.56,0.115,0.063,1.983,6.56,-7.1,2660,13.74,2,0.5,170,0.1,1.7,
112,2/13/14 11:05,1.54,0.114,0.063,2.03,6.54,-6.1,2622,13.72,1.8,0.4,155,0.1,1.8,
113,2/13/14 11:05,1.51,0.114,0.063,2.025,6.55,-6.5,2524,13.65,2.2,0.5,262,0.1,1.9,
114,2/13/14 11:08,2.65,0.11,0.063,2.434,7.34,-46.2,2185,12.25,2.1,0.5,328,0.2,2.3,
115,2/13/14 11:08,2.65,0.11,0.063,2.428,7.35,-46.7,2169,12.22,2.1,0.5,390,0.2,2.3,
116,2/13/14 11:08,2.69,0.11,0.063,2.429,7.36,-47.2,2155,12.15,2.2,0.5,435,0.2,2.3,
117,2/13/14 11:12,3.73,0.119,0.07,2.813,7.23,-40.8,1764,6.63,1.6,0.4,193,0.1,4,
118,2/13/14 11:12,3.74,0.119,0.07,2.823,7.23,-40.4,1746,6.52,1.4,0.3,135,0.1,3.9,
119,2/13/14 11:12,3.75,0.119,0.07,2.865,7.22,-39.9,1724,6.41,1.7,0.4,276,0.1,3.9,
120,2/13/14 11:20,4.2,0.128,0.077,3.094,6.94,-25.8,1190,3.21,1.4,0.3,131,0.1,4.4,
121,2/13/14 11:20,4.2,0.128,0.077,3.097,6.93,-25.6,1180,3.19,1.6,0.4,322,0.2,4.3,
122,2/13/14 11:20,4.19,0.128,0.077,3.148,6.93,-25.5,1166,3.16,2.2,0.5,321,0.2,4.3,
123,2/13/14 11:29,0.15,0.13,0.068,0.51,6.56,-7,606,12.73,1.3,0.3,21,0,1.2,
124,2/13/14 11:30,0.11,0.13,0.068,0.52,6.56,-7.1,608,12.81,1.3,0.3,154,0.1,1.2,
125,2/13/14 11:30,0.14,0.13,0.068,0.522,6.57,-7.4,589,12.87,1.4,0.3,232,0.1,1.2,
126,2/13/14 11:31,0.06,0.128,0.067,0.98,6.6,-9.1,510,13.07,1.7,0.4,68,0,1.3,
127,2/13/14 11:31,0.06,0.128,0.067,0.979,6.6,-9.2,509,13.06,1.7,0.4,89,0,1.3,
128,2/13/14 11:31,0.06,0.128,0.067,0.981,6.61,-9.3,504,13.08,1.3,0.3,93,0,1.3,
0,3/5/14 12:56,0.18,0.15,0.079,0.008,7.51,-57.3,1443,14.21,1,0.2,-452,-0.2,1.6,
1,3/5/14 12:57,0.19,0.15,0.079,0.011,7.47,-54.9,951,14.22,0.7,0.2,-122,-0.1,1.6,
2,3/5/14 12:57,0.31,0.149,0.079,0.01,7.43,-53,627,14.16,0.9,0.2,-177,-0.1,1.7,
3,3/5/14 12:59,0.46,0.15,0.08,0.482,7.04,-33,1777,14.19,1,0.2,-96,0,1.6,
4,3/5/14 12:59,0.49,0.15,0.08,0.487,7.05,-33.2,1764,14.17,1.1,0.3,-132,-0.1,1.6,
5,3/5/14 12:59,0.52,0.15,0.08,0.514,7.02,-32,1750,14.17,1,0.2,-185,-0.1,1.5,
6,3/5/14 13:01,1.02,0.145,0.079,1.044,6.84,-22.6,1812,13.92,1,0.2,-16,0,1.9,
7,3/5/14 13:01,1.02,0.145,0.079,1.045,6.84,-22.3,1773,13.92,1.3,0.3,175,0.1,1.9,
8,3/5/14 13:01,1.03,0.145,0.079,1.046,6.79,-19.8,1854,13.89,1.5,0.4,39,0,1.9,
9,3/5/14 13:03,1.16,0.146,0.08,1.515,6.7,-15.3,1738,13.86,0.8,0.2,20,0,2.9,
10,3/5/14 13:03,1.17,0.146,0.08,1.515,6.7,-15.3,1755,13.83,1.4,0.3,19,0,2.8,
11,3/5/14 13:03,1.2,0.146,0.08,1.515,6.7,-14.9,1740,13.81,1.8,0.4,6,0,2.7,
12,3/5/14 13:04,1.53,0.141,0.078,2.008,6.76,-18,1685,13.68,1.4,0.3,49,0,2.4,
13,3/5/14 13:04,1.53,0.141,0.078,2.009,6.78,-19.3,1681,13.66,2,0.5,-94,0,2.3,
14,3/5/14 13:04,1.53,0.141,0.078,2.008,6.77,-18.6,1703,13.64,2,0.5,-2,0,2.3,
15,3/5/14 13:10,2.4,0.14,0.079,2.488,6.77,-18.7,1480,11.33,0.9,0.2,25,0,3.5,
16,3/5/14 13:10,2.4,0.14,0.079,2.49,6.78,-19.1,1473,11.33,1.4,0.3,105,0.1,3.5,
17,3/5/14 13:10,2.39,0.14,0.079,2.489,6.77,-18.8,1469,11.31,1.1,0.3,96,0,3.4,
18,3/5/14 13:21,3.75,0.141,0.084,2.98,6.76,-18.3,392,5.79,1.3,0.3,139,0.1,1.9,
19,3/5/14 13:21,3.74,0.141,0.084,2.979,6.76,-18.1,377,5.78,1.2,0.3,113,0.1,1.9,
20,3/5/14 13:21,3.73,0.141,0.084,2.979,6.76,-18,371,5.77,1.2,0.3,140,0.1,1.9,
21,3/5/14 13:25,4.05,0.141,0.085,3.232,6.73,-16.6,193,4.94,11.5,2.8,-147,-0.1,1.9,
22,3/5/14 13:25,4.05,0.141,0.085,3.231,6.73,-16.3,190,4.92,12.4,3,-7,0,1.9,
23,3/5/14 13:25,4.04,0.141,0.085,3.231,6.72,-16.3,189,4.91,12,2.9,138,0.1,1.9,
0,3/19/14 10:47,0.14,0.155,0.082,0.03,7.61,-62.8,478,14.03,0.6,0.1,117,0.1,0.9,
1,3/19/14 10:48,0.16,0.155,0.082,0.006,7.59,-62,441,14.03,0.5,0.1,204,0.1,0.9,
2,3/19/14 10:48,0.18,0.155,0.082,0.014,7.57,-61,420,14.03,0.4,0.1,-41,0,0.9,
3,3/19/14 10:51,0.21,0.157,0.083,0.433,7.29,-45.7,260,14.01,1,0.2,-160,-0.1,0.9,
4,3/19/14 10:51,0.21,0.155,0.082,0.488,7.32,-47.3,279,13.99,1.4,0.3,-87,0,0.8,
5,3/19/14 10:51,0.19,0.155,0.082,0.53,7.33,-47.5,275,14,1,0.2,13,0,0.8,
6,3/19/14 10:51,0.19,0.155,0.082,0.524,7.32,-47.1,275,14.01,1,0.2,-48,0,0.8,
7,3/19/14 10:55,0.55,0.15,0.08,1.004,7.23,-42.5,203,13.69,1.4,0.3,-11,0,1.1,
8,3/19/14 10:55,0.54,0.15,0.08,1.004,7.24,-42.9,196,13.66,1.3,0.3,68,0,1.1,
9,3/19/14 10:55,0.53,0.15,0.08,1.004,7.25,-43.2,193,13.65,1.2,0.3,38,0,1.2,
10,3/19/14 10:57,1.09,0.145,0.079,1.498,7.25,-43.4,116,13.28,2.2,0.5,16,0,1.3,
11,3/19/14 10:57,1.08,0.145,0.079,1.499,7.26,-43.8,114,13.25,2.2,0.5,154,0.1,1.3,
12,3/19/14 10:57,1.06,0.145,0.079,1.499,7.26,-44,114,13.25,2.4,0.6,22,0,1.4,
13,3/19/14 10:59,1.88,0.143,0.08,2.012,7.32,-47.4,57,13.3,2.4,0.6,274,0.1,1.4,
14,3/19/14 10:59,2.01,0.142,0.08,2.011,7.33,-47.7,57,13.23,2,0.5,174,0.1,1.4,
15,3/19/14 10:59,2.07,0.142,0.08,2.012,7.33,-48,57,13.25,2,0.5,301,0.1,1.4,
16,3/19/14 11:06,3.59,0.147,0.087,2.506,7.39,-51.5,-24,8.96,6,1.4,1046,0.5,1.9,
17,3/19/14 11:07,3.58,0.147,0.087,2.507,7.4,-51.5,-23,8.97,6.2,1.5,919,0.4,1.9,
18,3/19/14 11:07,3.58,0.147,0.087,2.507,7.39,-51.4,-22,8.97,6.9,1.7,867,0.4,1.9,
19,3/19/14 11:15,4.57,0.151,0.092,2.977,7.22,-41.9,-268,5.36,2.1,0.5,786,0.4,3.1,
20,3/19/14 11:15,4.57,0.151,0.092,2.976,7.22,-41.8,-217,5.36,1.8,0.4,728,0.3,3.1,
21,3/19/14 11:15,4.55,0.151,0.092,2.976,7.22,-41.7,-205,5.36,2.4,0.6,634,0.3,3.1,
22,3/31/14 11:06,0.01,0.028,0.015,0.036,8.83,-129.6,3872,13.05,0.8,0.2,-139,-0.1,5.5,
23,3/31/14 11:06,0.05,0.027,0.014,0.031,7.93,-80.3,2577,13.26,0.9,0.2,-144,-0.1,6,
24,3/31/14 11:06,0.02,0.027,0.014,0.035,7.77,-72,2293,13.36,0.2,0,-137,-0.1,6.8,
25,3/31/14 11:07,0.03,0.095,0.05,0.534,7.5,-56.9,1313,13.45,1.6,0.4,-30,0,16.6,
26,3/31/14 11:07,0.05,0.096,0.05,0.537,7.37,-49.7,1286,13.46,2.2,0.5,36,0,22.8,
27,3/31/14 11:07,0.08,0.096,0.05,0.538,7.28,-45.2,1272,13.48,2.3,0.6,17,0,28.4,
28,3/31/14 11:07,0.03,0.118,0.062,1.069,7.25,-43.2,1204,13.51,2.8,0.7,356,0.2,36.9,
29,3/31/14 11:07,-0.01,0.118,0.062,1.068,7.25,-43.5,1221,13.53,2.9,0.7,482,0.2,40,
30,3/31/14 11:08,0,0.118,0.062,1.069,7.27,-44.7,1217,13.55,2.7,0.6,469,0.2,41.1,
31,3/31/14 11:08,-0.02,0.12,0.063,1.504,7.35,-48.5,1183,13.57,3.3,0.8,456,0.2,42.9,
32,3/31/14 11:08,0.01,0.12,0.063,1.509,7.34,-48.5,1185,13.59,3,0.7,470,0.2,42.4,
33,3/31/14 11:08,0.01,0.12,0.063,1.514,7.35,-48.8,1178,13.6,3,0.7,397,0.2,39.4,
34,3/31/14 11:09,-0.01,0.12,0.063,2.092,7.36,-49.2,1153,13.6,3.2,0.8,502,0.2,41.8,
35,3/31/14 11:09,-0.02,0.12,0.063,2.09,7.34,-48.5,1154,13.64,3,0.7,496,0.2,42.1,
36,3/31/14 11:09,-0.02,0.12,0.063,2.093,7.33,-47.8,1152,13.63,3,0.7,410,0.2,42.1,
37,3/31/14 11:09,-0.02,0.121,0.063,2.493,7.32,-47.4,1141,13.65,3.4,0.8,656,0.3,41.7,
38,3/31/14 11:10,0.01,0.121,0.063,2.508,7.32,-46.9,1143,13.66,3.2,0.8,539,0.3,44.7,
39,3/31/14 11:10,0.04,0.121,0.063,2.514,7.31,-46.5,1142,13.65,3,0.7,504,0.2,47.9,
40,3/31/14 11:10,0.21,0.124,0.065,2.962,7.3,-45.8,1135,13.72,3.5,0.8,461,0.2,41.8,
41,3/31/14 11:10,0.23,0.124,0.066,2.957,7.29,-45.6,1136,13.78,4.4,1.1,655,0.3,40.9,
42,3/31/14 11:10,0.24,0.125,0.066,2.957,7.29,-45.5,1137,13.77,3.6,0.9,604,0.3,38.9,