site,date,yday,ice_depth,depth,samp_depth_cat,samp_depth_cat2,NH4,NO3,TN,SRP,DOP,PP,TDP,TP,temp,cond,DO,pH,turb,chla,BGA
mb,2014-01-10,10,0.45,0.1,NA,NA,NA,NA,NA,NA,NA,NA,NA,NA,0.03,68,13.59,8.57,6.2,1.6,1110
mb,2014-01-10,10,0.45,0.5,D1,Top,4.961007853216249,40.80534397087171,59.34753052045406,0.03525510204,NA,NA,NA,1.3308409633886484,0.01,55,13.69,7.75,6.7,1.7,465
mb,2014-01-10,10,0.45,0.5,D1,Top,5.082942742914257,40.48537288498608,60.22568565717141,NA,NA,NA,NA,1.3786413120681862,NA,NA,NA,NA,NA,NA,NA
mb,2014-01-10,10,0.45,1,D2,Mid-1,5.576779039051903,41.608992146783756,61.619122010423354,0.03295918367,NA,NA,NA,1.3180942080454574,0.02,54,13.73,7.34,7.3,1.6,389
mb,2014-01-10,10,0.45,1,D2,Mid-1,4.753718569286785,36.132278432212466,63.09239059041908,NA,NA,NA,NA,1.2830406469942532,NA,NA,NA,NA,NA,NA,NA
mb,2014-01-10,10,0.45,1.5,NA,NA,NA,NA,NA,NA,NA,NA,NA,NA,0.06,55,13.74,7.08,9.9,1.6,102
mb,2014-01-10,10,0.45,1.6,NA,NA,NA,NA,NA,NA,NA,NA,NA,NA,0.04,55,13.73,7.17,9.3,1.7,160
mb,2014-01-10,10,0.45,2,NA,NA,NA,NA,NA,NA,NA,NA,NA,NA,0.02,57,13.78,6.99,11.2,1.6,180
mb,2014-01-10,10,0.45,2.1,D3,Mid-2,4.400107446276861,40.61931427143571,72.41099585921324,0.0181122449,NA,NA,NA,0.7126233292438819,NA,NA,NA,NA,NA,NA,NA
mb,2014-01-10,10,0.45,2.1,D3,Mid-2,3.857497179981438,42.50937581209395,72.6504927536232,NA,NA,NA,NA,0.7954772389746239,NA,NA,NA,NA,NA,NA,NA
mb,2014-01-10,10,0.45,2.5,NA,NA,NA,NA,NA,NA,NA,NA,NA,NA,0.7,63,13.63,6.92,7.2,1.4,213
mb,2014-01-10,10,0.45,2.6,D4,Mid-3,5.558488827015064,34.591952737916756,56.3284185050332,0.01586734694,NA,NA,NA,0.8145973719894104,NA,NA,NA,NA,NA,NA,NA
mb,2014-01-10,10,0.45,2.6,D4,Mid-3,5.442650674662668,35.7527778967659,58.846764332119655,NA,NA,NA,NA,0.8528376380189837,NA,NA,NA,NA,NA,NA,NA
mb,2014-01-10,10,0.45,3,NA,NA,NA,NA,NA,NA,NA,NA,NA,NA,1.68,66,13.28,6.91,5.5,1.4,35
mb,2014-01-10,10,0.45,3.1,D5,Bottom,6.405936246162633,32.69444998929107,62.932725994145784,0.02653061224,NA,NA,NA,1.267107186672693,3.12,70,9.49,7.11,17.6,2,667
mb,2014-01-10,10,0.45,3.1,D5,Bottom,6.119389305347327,33.09627414863997,54.92046726636682,NA,NA,NA,NA,1.3053474527022664,NA,NA,NA,NA,NA,NA,NA
mb,2014-01-31,31,NA,0.5,D1,Top,2.814953880202756,48.3358253016349,61.698954237167136,0.006530612245,NA,NA,NA,0.7444902176018596,0.54,64,13.82,6.25,1.4,1.4,1481
mb,2014-01-31,31,NA,1,D2,Mid-1,2.4308589990718925,47.18244127936032,58.71612964946098,0.00556122449,NA,NA,NA,0.3270339639697811,0.82,63,13.79,6.2,1.8,1.7,153
mb,2014-01-31,31,NA,1,D2,Mid-1,2.784470193474691,41.177403298350825,57.60573513243378,NA,NA,NA,NA,0.26330018725382576,NA,NA,NA,NA,NA,NA,NA
mb,2014-01-31,31,NA,1.1,NA,NA,NA,NA,NA,NA,NA,NA,NA,NA,0.71,63,13.84,6.16,1.7,1.4,-100
mb,2014-01-31,31,NA,1.5,NA,NA,NA,NA,NA,NA,NA,NA,NA,NA,0.79,62,13.8,6.4,1.7,1.4,188
mb,2014-01-31,31,NA,2,NA,NA,NA,NA,NA,NA,NA,NA,NA,NA,0.82,62,13.74,6.75,1.9,1.6,207
mb,2014-01-31,31,NA,2.3,D3,Mid-2,3.1015008924109377,37.858633825944175,53.70121046619548,0.007959183673,NA,NA,NA,0.33659401433460323,NA,NA,NA,NA,NA,NA,NA
mb,2014-01-31,31,NA,2.3,D3,Mid-2,2.8332441636324694,32.724214749767974,54.02053965874206,NA,NA,NA,NA,0.3174738813198166,NA,NA,NA,NA,NA,NA,NA
mb,2014-01-31,31,NA,2.5,NA,NA,NA,NA,NA,NA,NA,NA,NA,NA,1.53,59,13.19,6.95,2.7,2.4,279
mb,2014-01-31,31,NA,2.8,D4,Mid-3,5.021975298065254,31.63780145641465,56.75660983793817,0.01933673469,NA,NA,NA,0.8241574223542326,NA,NA,NA,NA,NA,NA,NA
mb,2014-01-31,31,NA,2.8,D4,Mid-3,4.34523673877347,33.498098236595986,55.34140115656458,NA,NA,NA,NA,0.8815178213985924,NA,NA,NA,NA,NA,NA,NA
mb,2014-01-31,31,NA,3,NA,NA,NA,NA,NA,NA,NA,NA,NA,NA,2.55,60,11.33,7.13,3.6,1.9,253
mb,2014-01-31,31,NA,3.2,NA,NA,NA,NA,NA,NA,NA,NA,NA,NA,3.24,66,9.15,7.18,4.1,1.7,334
mb,2014-01-31,31,NA,3.3,D5,Bottom,8.551990219176126,27.485619047619046,55.19625151709859,0.03132653061,NA,NA,NA,3.1090133983340866,3.25,66,9.28,7.18,4,2.1,230
mb,2014-01-31,31,NA,3.3,D5,Bottom,8.612957664025132,17.52931070179196,51.59654108659956,NA,NA,NA,NA,1.6463231742751987,NA,NA,NA,NA,NA,NA,NA
mb,2014-02-13,44,0.55,0.5,D1,Top,3.0161464981794817,28.110678803455418,67.89684286428215,0.004030612245000001,NA,NA,NA,0.21549983857428812,0.11,68,13.45,6.92,1.2,1.4,522
mb,2014-02-13,44,0.55,0.5,D1,Top,2.9429855072463766,43.47673013493254,69.36285393017778,NA,NA,NA,NA,0.19637970555950154,NA,NA,NA,NA,NA,NA,NA
mb,2014-02-13,44,0.55,0.9,NA,NA,NA,NA,NA,NA,NA,NA,NA,NA,0.19,67,13.99,6.64,1.3,1.5,-323
mb,2014-02-13,44,0.55,1,D2,Mid-1,3.4916925108874133,41.95128678517884,63.7745937745413,0.004132653061,NA,NA,NA,0.16451281720152386,0.09,67,13.45,6.62,1.3,1.3,-10
mb,2014-02-13,44,0.55,1,D2,Mid-1,3.1685650746055543,36.8094265010352,59.30398565003213,NA,NA,NA,NA,0.17725957254471492,NA,NA,NA,NA,NA,NA,NA
mb,2014-02-13,44,0.55,1.5,NA,NA,NA,NA,NA,NA,NA,NA,NA,NA,0.38,66,13.89,6.54,1.5,1.7,41
mb,2014-02-13,44,0.55,2,NA,NA,NA,NA,NA,NA,NA,NA,NA,NA,1.54,63,13.7,6.55,1.8,2,196
mb,2014-02-13,44,0.55,2.2,D3,Mid-2,3.2295325194545588,32.739097165702866,55.13819168986935,0.008571428571,NA,NA,NA,0.43219467940853623,NA,NA,NA,NA,NA,NA,NA
mb,2014-02-13,44,0.55,2.2,D3,Mid-2,2.979566002712929,33.37903926608124,50.46437402727208,NA,NA,NA,NA,0.5532888551688513,NA,NA,NA,NA,NA,NA,NA
mb,2014-02-13,44,0.55,2.4,NA,NA,NA,NA,NA,NA,NA,NA,NA,NA,2.66,63,12.21,7.35,2.3,2.1,384
mb,2014-02-13,44,0.55,2.7,D4,Mid-3,8.747086028414364,27.693972299564503,55.74056257585493,0.01974489796,NA,NA,NA,1.2129334926067026,NA,NA,NA,NA,NA,NA,NA
mb,2014-02-13,44,0.55,2.7,D4,Mid-3,8.722699079031912,27.091236167630473,59.21689583779539,NA,NA,NA,NA,1.2129334926067026,NA,NA,NA,NA,NA,NA,NA
mb,2014-02-13,44,0.55,2.8,NA,NA,NA,NA,NA,NA,NA,NA,NA,NA,3.74,70,6.57,7.23,4,1.5,164
mb,2014-02-13,44,0.55,2.9,NA,NA,NA,NA,NA,NA,NA,NA,NA,NA,3.75,70,6.41,7.22,3.9,1.7,276
mb,2014-02-13,44,0.55,3.1,NA,NA,NA,NA,NA,NA,NA,NA,NA,NA,4.2,77,3.19,6.93,4.3,1.7,258
mb,2014-02-13,44,0.55,3.2,D5,Bottom,16.605789391018778,18.652929963589635,56.33567601913329,0.02647959184,NA,NA,NA,1.18743998192032,NA,NA,NA,NA,NA,NA,NA
mb,2014-02-13,44,0.55,3.2,D5,Bottom,17.867815449418146,17.231663239808665,59.04271628471479,NA,NA,NA,NA,1.311720830373862,NA,NA,NA,NA,NA,NA,NA
mb,2014-03-05,64,NA,0,NA,NA,NA,NA,NA,NA,NA,NA,NA,NA,0.23,79,14.2,7.47,1.6,0.9,-250
mb,2014-03-05,64,NA,0.5,D1,Top,4.49155857785393,51.60250638966231,63.55686935103877,0.00609375,NA,NA,NA,0.23143329889584816,0.49,80,14.18,7.04,1.6,1,-138
mb,2014-03-05,64,NA,0.5,D1,Top,4.534235810666096,55.50912964946099,71.14093674591275,NA,NA,NA,NA,0.34296739200619875,NA,NA,NA,NA,NA,NA,NA
mb,2014-03-05,64,NA,1,NA,NA,NA,NA,NA,NA,NA,NA,NA,NA,1.02,79,13.91,6.82,1.9,1.3,66
mb,2014-03-05,64,NA,1.5,NA,NA,NA,NA,NA,NA,NA,NA,NA,NA,1.18,80,13.83,6.7,2.8,1.3,15
mb,2014-03-05,64,NA,2,NA,NA,NA,NA,NA,NA,NA,NA,NA,NA,1.53,78,13.66,6.77,2.3,1.8,-16
mb,2014-03-05,64,NA,2.5,NA,NA,NA,NA,NA,NA,NA,NA,NA,NA,2.4,79,11.32,6.77,3.5,1.1,75
mb,2014-03-05,64,NA,2.8,D4,Mid-3,8.591330192046835,29.994951024487754,56.081664167916045,0.01526041667,NA,NA,NA,1.2830406469942532,NA,NA,NA,NA,NA,NA,NA
mb,2014-03-05,64,NA,2.8,D4,Mid-3,8.91876069108303,28.33983593917327,48.896758192332406,NA,NA,NA,NA,0.8592110156905791,NA,NA,NA,NA,NA,NA,NA
mb,2014-03-05,64,NA,3,NA,NA,NA,NA,NA,NA,NA,NA,NA,NA,3.74,84,5.78,6.76,1.9,1.2,131
mb,2014-03-05,64,NA,3.2,NA,NA,NA,NA,NA,NA,NA,NA,NA,NA,4.05,85,4.92,6.73,1.9,12,-5
mb,2014-03-05,64,NA,3.3,D5,Bottom,9.402464910401944,29.372679089026914,50.174074819732994,0.01666666667,NA,NA,NA,0.7476768902950862,NA,NA,NA,NA,NA,NA,NA
mb,2014-03-05,64,NA,3.3,D5,Bottom,8.457381380738203,28.44247876061969,53.773785250232024,NA,NA,NA,NA,1.735550461677536,NA,NA,NA,NA,NA,NA,NA
mb,2014-03-19,78,0.68,0,NA,NA,NA,NA,NA,NA,NA,NA,NA,NA,0.16,82,14.03,7.59,0.9,0.5,93
mb,2014-03-19,78,0.68,0.4,NA,NA,NA,NA,NA,NA,NA,NA,NA,NA,0.21,83,14.01,7.29,0.9,1,-160
mb,2014-03-19,78,0.68,0.5,D1,Top,5.6146891554222895,30.48891946883701,62.6424267866067,0.004183673469,NA,NA,NA,0.27923361529024343,0.2,82,14,7.32,0.8,1.1,-41
mb,2014-03-19,78,0.68,0.5,D1,Top,5.823054044406368,36.81428164489184,75.50268265867066,NA,NA,NA,NA,0.23780667656744367,NA,NA,NA,NA,NA,NA,NA
mb,2014-03-19,78,0.68,1,D2,Mid-1,4.982152923538231,25.023190690369102,67.03320261297922,0.004030612245000001,NA,NA,NA,0.21549983857428812,0.54,80,13.67,7.24,1.1,1.3,32
mb,2014-03-19,78,0.68,1,D2,Mid-1,6.4853566788034565,42.979264510601844,70.03779967159278,NA,NA,NA,NA,0.19637970555950154,NA,NA,NA,NA,NA,NA,NA
mb,2014-03-19,78,0.68,1.5,NA,NA,NA,NA,NA,NA,NA,NA,NA,NA,1.08,79,13.26,7.26,1.3,2.3,64
mb,2014-03-19,78,0.68,2,NA,NA,NA,NA,NA,NA,NA,NA,NA,NA,1.99,80,13.26,7.33,1.4,2.1,250
mb,2014-03-19,78,0.68,2.1,D3,Mid-2,4.758904833297637,33.2602749339616,61.74249917898194,0.003979591837,NA,NA,NA,0.20275308323109706,NA,NA,NA,NA,NA,NA,NA
mb,2014-03-19,78,0.68,2.1,D3,Mid-2,4.513331976868708,22.89976783037053,67.85329792246735,NA,NA,NA,NA,0.2569268095822303,NA,NA,NA,NA,NA,NA,NA
mb,2014-03-19,78,0.68,2.5,NA,NA,NA,NA,NA,NA,NA,NA,NA,NA,3.58,87,8.97,7.39,1.9,6.4,944
mb,2014-03-19,78,0.68,2.6,D4,Mid-3,6.998827229242521,21.94390683229814,69.58057835368031,0.004489795918,NA,NA,NA,0.4035144960289275,NA,NA,NA,NA,NA,NA,NA
mb,2014-03-19,78,0.68,2.6,D4,Mid-3,6.70860476904405,18.434806311130146,61.31430777468409,NA,NA,NA,NA,0.34615409698456767,NA,NA,NA,NA,NA,NA,NA
mb,2014-03-19,78,0.68,3,NA,NA,NA,NA,NA,NA,NA,NA,NA,NA,4.56,92,5.36,7.22,3.1,2.1,716
mb,2014-03-19,78,0.68,3.1,D5,Bottom,5.510506746626686,21.546165988434353,52.808540372670805,0.01433673469,NA,NA,NA,1.372267934396591,NA,NA,NA,NA,NA,NA,NA
mb,2014-03-19,78,0.68,3.1,D5,Bottom,5.019360962375956,16.009870279146142,50.449859070464775,NA,NA,NA,NA,0.9325048427713566,NA,NA,NA,NA,NA,NA,NA
mb,2014-03-31,90,0.8,0,NA,NA,NA,NA,NA,NA,NA,NA,NA,NA,0.03,14,13.22,8.18,6.1,0.6,-140
mb,2014-03-31,90,0.8,0.5,NA,NA,NA,NA,NA,NA,NA,NA,NA,NA,0.05,50,13.46,7.38,22.6,2,8
mb,2014-03-31,90,0.8,1.1,NA,NA,NA,NA,NA,NA,NA,NA,NA,NA,0.01,62,13.53,7.26,39.3,2.8,436
mb,2014-03-31,90,0.8,1.5,NA,NA,NA,NA,NA,NA,NA,NA,NA,NA,0.01,63,13.59,7.35,41.6,3.1,441
mb,2014-03-31,90,0.8,2.1,NA,NA,NA,NA,NA,NA,NA,NA,NA,NA,0,63,13.62,7.34,42,3.1,469
mb,2014-03-31,90,0.8,2.5,NA,NA,NA,NA,NA,NA,NA,NA,NA,NA,0.02,63,13.65,7.32,44.8,3.2,566
mb,2014-03-31,90,0.8,3,NA,NA,NA,NA,NA,NA,NA,NA,NA,NA,0.23,66,13.76,7.29,40.5,3.8,573
mb,2014-04-03,93,NA,0.5,D1,Top,21.79273320482616,42.01057314200043,101.3973740272721,0.04004098361,NA,NA,NA,3.7304177374572225,NA,NA,NA,NA,NA,NA,NA
mb,2014-04-03,93,NA,0.5,D1,Top,23.370352966373957,40.73395338045263,103.6762229599486,NA,NA,NA,NA,3.9598593659198036,NA,NA,NA,NA,NA,NA,NA
mb,2014-04-03,93,NA,1,D2,Mid-1,23.095013707432,40.150172485185976,108.06699885771401,0.04131147541,NA,NA,NA,3.8132716471879644,NA,NA,NA,NA,NA,NA,NA
mb,2014-04-03,93,NA,1,D2,Mid-1,24.828907117869637,40.66338644963233,98.24762732919254,NA,NA,NA,NA,3.9694194162846257,NA,NA,NA,NA,NA,NA,NA
mb,2014-04-03,93,NA,2.1,D3,Mid-2,23.340586563860928,39.001856214749765,100.93289526665238,0.041393442620000005,NA,NA,NA,4.1096337250597275,NA,NA,NA,NA,NA,NA,NA
mb,2014-04-03,93,NA,2.1,D3,Mid-2,23.861498750624687,39.61129785107447,88.37745355893482,NA,NA,NA,NA,3.064399754632918,NA,NA,NA,NA,NA,NA,NA
mb,2014-04-03,93,NA,2.6,D4,Mid-3,23.161988077389875,39.0852535160991,96.30262254586992,0.03983606557,NA,NA,NA,3.8961255569187063,NA,NA,NA,NA,NA,NA,NA
mb,2014-04-03,93,NA,2.6,D4,Mid-3,23.824290711786965,37.808633754551295,110.96999114728351,NA,NA,NA,NA,3.947112610576613,NA,NA,NA,NA,NA,NA,NA
mb,2014-04-03,93,NA,3.1,D5,Bottom,12.297248304419218,28.583612622260297,68.71693817377026,0.023442622950000002,NA,NA,NA,1.952245302511784,NA,NA,NA,NA,NA,NA,NA
mb,2014-04-03,93,NA,3.1,D5,Bottom,12.222832298136645,28.25643870921682,71.22027743271222,NA,NA,NA,NA,1.7546705946923224,NA,NA,NA,NA,NA,NA,NA
mb,2014-04-25,115,NA,0.5,D1,Top,NA,NA,54.97141036624545,0.0232112,NA,NA,NA,0.8623976883838057,NA,NA,NA,NA,NA,NA,NA
mb,2014-04-25,115,NA,0.5,D1,Top,5.175634611265796,29.87947790390519,56.037995145284505,NA,NA,NA,NA,0.8528376380189837,NA,NA,NA,NA,NA,NA,NA
mb,2014-04-25,115,NA,1,D2,Mid-1,NA,NA,NA,0.0186709,NA,NA,NA,NA,NA,NA,NA,NA,NA,NA,NA
mb,2014-04-25,115,NA,3.1,D3,Mid-2,4.312408724209324,14.566455986292569,65.04144156493183,0.023587475,NA,NA,NA,0.9325048427713566,NA,NA,NA,NA,NA,NA,NA
mb,2014-04-25,115,NA,3.1,D3,Mid-2,4.877970514742628,15.015518169486688,55.3980442635825,NA,NA,NA,NA,0.9452515981145477,NA,NA,NA,NA,NA,NA,NA
mb,2014-04-25,115,NA,3.6,D4,Mid-3,NA,NA,NA,0.020615324999999997,NA,NA,NA,NA,NA,NA,NA,NA,NA,NA,NA
mb,2014-04-25,115,NA,4.1,D5,Bottom,4.48356557435568,12.443033126293997,55.47160184193618,0.0263142,NA,NA,NA,0.9930519467940854,NA,NA,NA,NA,NA,NA,NA
mb,2014-04-25,115,NA,4.1,D5,Bottom,4.63983922324552,14.643438066680947,59.267172413793105,NA,NA,NA,NA,0.9866785691224899,NA,NA,NA,NA,NA,NA,NA
mb,2015-01-15,15,0.34,0.4,NA,NA,NA,NA,NA,NA,NA,NA,NA,NA,0.4,118,14.3,6.8,3.5,2,21
mb,2015-01-15,15,0.34,0.5,D1,Top,1.3546448204469193,33.95483765260227,48.60843713857357,0.004336360000000001,NA,NA,NA,0.6300000000000001,NA,NA,NA,NA,NA,NA,NA
mb,2015-01-15,15,0.34,0.5,D1,Top,5.1958499321767695,34.54180909545227,48.56747397729707,NA,NA,NA,NA,NA,NA,NA,NA,NA,NA,NA,NA
mb,2015-01-15,15,0.34,0.9,NA,NA,NA,NA,NA,NA,NA,NA,NA,NA,0.5,117.7,14.4,6.8,3.5,2.1,90
mb,2015-01-15,15,0.34,1.4,NA,NA,NA,NA,NA,NA,NA,NA,NA,NA,0.5,116,14.3,6.8,3.6,2.4,25
mb,2015-01-15,15,0.34,1.9,NA,NA,NA,NA,NA,NA,NA,NA,NA,NA,0.9,113,14.3,6.8,4.2,2.8,104
mb,2015-01-15,15,0.34,2.4,NA,NA,NA,NA,NA,NA,NA,NA,NA,NA,1.4,131,11.8,6.8,6.8,2.7,167
mb,2015-01-15,15,0.34,2.5,D2,Mid-1,4.123656957235668,33.30850953094881,56.534801813379026,0.01641622,NA,NA,NA,1.28,NA,NA,NA,NA,NA,NA,NA
mb,2015-01-15,15,0.34,2.5,D2,Mid-1,4.62040693938745,33.49317469836511,54.4593368315842,NA,NA,NA,NA,NA,NA,NA,NA,NA,NA,NA,NA
mb,2015-01-15,15,0.34,2.6,NA,NA,NA,NA,NA,NA,NA,NA,NA,NA,1.8,147,9.5,6.7,8.8,2.7,266
mb,2015-01-15,15,0.34,2.9,NA,NA,NA,NA,NA,NA,NA,NA,NA,NA,2.2,184,8.6,6.7,8.9,3.2,313
mb,2015-01-15,15,0.34,3,D3,Mid-2,8.525550082101807,44.817106946526735,66.5775946312558,0.021991539999999997,NA,NA,NA,1.6699999999999997,NA,NA,NA,NA,NA,NA,NA
mb,2015-01-15,15,0.34,3,D3,Mid-2,5.24503305490112,44.77753580352681,64.55674712643678,NA,NA,NA,NA,NA,NA,NA,NA,NA,NA,NA,NA
mb,2015-01-15,15,0.34,3.1,NA,NA,NA,NA,NA,NA,NA,NA,NA,NA,2.7,194,7.6,6.6,10.7,3.1,180
mb,2015-01-15,15,0.34,3.3,D4,Mid-3,1.5415408724209323,58.44935382308845,84.7993580352681,0.0325227,NA,NA,NA,2.39,NA,NA,NA,NA,NA,NA,NA
mb,2015-01-15,15,0.34,3.3,D4,Mid-3,16.36042807167845,54.584575569358186,87.3458989790819,NA,NA,NA,NA,NA,NA,NA,NA,NA,NA,NA,NA
mb,2015-01-15,15,0.34,3.4,NA,NA,NA,NA,NA,NA,NA,NA,NA,NA,3.3,NA,2.7,6.6,13.5,NA,NA
mb,2015-01-15,15,0.34,3.5,D5,Bottom,15.986636039123296,50.4032283858071,90.02898365103162,0.034381140000000004,NA,NA,NA,2.7,NA,NA,NA,NA,NA,NA,NA
mb,2015-01-15,15,0.34,3.5,D5,Bottom,15.209542014706932,45.27876982937103,97.56619868637112,NA,NA,NA,NA,NA,NA,NA,NA,NA,NA,NA,NA
mb,2015-02-04,35,0.54,0.5,D1,Top,2.5448774184336407,39.428841008067394,54.787041836224745,0.007433759999999999,0,0.00588506,0.005265580000000001,0.36,NA,NA,NA,NA,NA,NA,NA
mb,2015-02-04,35,0.54,0.5,D1,Top,3.0858921967587634,42.97705040336974,55.544859641607765,NA,NA,NA,NA,NA,NA,NA,NA,NA,NA,NA,NA
mb,2015-02-04,35,0.54,0.9,NA,NA,NA,NA,NA,NA,NA,NA,NA,NA,0,70,17.5,7.8,2.3,4.5,702
mb,2015-02-04,35,0.54,1.5,NA,NA,NA,NA,NA,NA,NA,NA,NA,NA,0.8,68.9,14,7.6,3.35,5.2,450
mb,2015-02-04,35,0.54,1.8,NA,NA,NA,NA,NA,NA,NA,NA,NA,NA,1.8,70.3,13.3,7.6,4.4,6.8,386
mb,2015-02-04,35,0.54,2.1,NA,NA,NA,NA,NA,NA,NA,NA,NA,NA,2.3,71.4,12.7,7.5,4.2,5.1,645
mb,2015-02-04,35,0.54,2.8,D2,Mid-1,7.635334832583708,33.91526650960234,49.05220432640822,0.00898246,0.0021681800000000005,0.013938299999999999,0.01115064,0.81,3.8,84.6,7.4,7.4,4.8,2.8,130
mb,2015-02-04,35,0.54,2.8,D2,Mid-1,0.5824691939744414,34.990281644891844,48.77228964089384,NA,NA,NA,NA,NA,NA,NA,NA,NA,NA,NA,NA
mb,2015-02-04,35,0.54,3,D3,Mid-2,0.6365706432498036,33.36786620975227,47.00404804740487,0.01022142,0,0.01424804,0.008053240000000001,0.72,4.1,93.7,3.9,7.2,5.8,2.3,74
mb,2015-02-04,35,0.54,3,D3,Mid-2,0.6267340615406584,33.071082887127865,48.226114656957236,NA,NA,NA,NA,NA,NA,NA,NA,NA,NA,NA,NA
mb,2015-02-04,35,0.54,3.2,D4,Mid-3,4.89583265510102,30.742982651531378,49.618860855286634,0.01641622,0,0.016106480000000003,0.014867519999999999,1,4.2,96.8,3,7.2,5.9,2.6,207
mb,2015-02-04,35,0.54,3.2,D4,Mid-3,5.190931605625758,32.299446276861566,54.568571785535795,NA,NA,NA,NA,NA,NA,NA,NA,NA,NA,NA,NA
mb,2015-02-04,35,0.54,3.5,D5,Bottom,18.4802223888056,18.996958592132504,65.38966402513029,0.02849608,0,0.02354024,0.02818634,1.6699999999999997,4.4,101.2,1.5,7.1,6.7,2.7,435
mb,2015-02-04,35,0.54,3.5,D5,Bottom,18.003145712857854,19.06950560434069,58.692193046333976,NA,NA,NA,NA,NA,NA,NA,NA,NA,NA,NA,NA
mb,2015-02-17,48,0.7,0.7,D1,Top,4.595815306632398,46.70992496608838,94.44617398443636,0.00588506,0.0015487,0.00588506,0.007433759999999999,0.43,1,76.5,13.8,6.3,2,0.5,NA
mb,2015-02-17,48,0.7,0.7,D1,Top,5.205686585278789,46.99351788391519,58.52834054401371,NA,NA,NA,NA,NA,NA,NA,NA,NA,NA,NA,NA
mb,2015-02-17,48,0.7,1.2,NA,NA,NA,NA,NA,NA,NA,NA,NA,NA,0.4,74.1,13.9,6.4,2,1,59
mb,2015-02-17,48,0.7,1.8,NA,NA,NA,NA,NA,NA,NA,NA,NA,NA,1.6,73.9,11.9,6.4,3.9,1.3,227
mb,2015-02-17,48,0.7,2.3,D2,Mid-1,5.166340044263583,31.28378782037553,54.09749589490969,0.0077435,0.004026620000000001,0.013938299999999999,0.01177012,0.83,2.9,75.1,10,6.4,3.3,2,473
mb,2015-02-17,48,0.7,2.3,D2,Mid-1,NA,36.540150067823234,51.25738587848933,NA,NA,NA,NA,NA,NA,NA,NA,NA,NA,NA,NA
mb,2015-02-17,48,0.7,2.4,NA,NA,NA,NA,NA,NA,NA,NA,NA,NA,3.8,84.6,7.1,6.5,3.2,1.3,160
mb,2015-02-17,48,0.7,2.8,D3,Mid-2,7.507458627828943,25.842760405511534,101.3348061683444,0.008672720000000002,0.004646099999999999,0.02137206,0.01331882,1.1200000000000003,4,87.2,5.6,6.5,4.1,1.5,9
mb,2015-02-17,48,0.7,2.8,D3,Mid-2,8.815730777468408,26.930965874205754,58.3576608838438,NA,NA,NA,NA,NA,NA,NA,NA,NA,NA,NA,NA
mb,2015-02-17,48,0.7,3.1,NA,NA,NA,NA,NA,NA,NA,NA,NA,NA,4.5,95.2,2.8,6.6,4.1,0.8,217
mb,2015-02-17,48,0.7,3.2,D4,Mid-3,17.653945241664882,17.236044263582496,55.86573741700578,0.01765518,0.0037168799999999997,0.02570842,0.0216818,1.5300000000000002,NA,NA,NA,NA,NA,NA,NA
mb,2015-02-17,48,0.7,3.2,D4,Mid-3,16.586670593274793,18.601247519097598,57.48378089526665,NA,NA,NA,NA,NA,NA,NA,NA,NA,NA,NA,NA
mb,2015-02-17,48,0.7,3.3,D5,Bottom,26.177387520525453,12.72493788819876,60.699386164060826,0.018274659999999998,0.00836298,0.03035452,0.02663764,1.8399999999999999,NA,NA,NA,NA,NA,NA,NA
mb,2015-02-17,48,0.7,3.3,D5,Bottom,22.513241807667598,13.94504704790462,64.4475121010923,NA,NA,NA,NA,NA,NA,NA,NA,NA,NA,NA,NA
mb,2015-03-10,69,0.65,0.7,D1,Top,5.297712429499537,43.43646548154494,63.53266902263154,0.0018584399999999998,0.00278766,0.004026620000000001,0.004646099999999999,0.2800000000000001,0.4,81.4,13.4,7.2,25.1,0.4,169
mb,2015-03-10,69,0.65,0.7,D1,Top,5.287223388305847,38.7404333547512,62.4676277575498,NA,NA,NA,NA,NA,NA,NA,NA,NA,NA,NA,NA
mb,2015-03-10,69,0.65,1,NA,NA,NA,NA,NA,NA,NA,NA,NA,NA,0.2,79.6,13.4,7.1,25.450000000000003,0.1,16
mb,2015-03-10,69,0.65,1.3,NA,NA,NA,NA,NA,NA,NA,NA,NA,NA,0.3,79.9,13.3,7.2,25.8,NA,NA
mb,2015-03-10,69,0.65,1.6,NA,NA,NA,NA,NA,NA,NA,NA,NA,NA,0.8,81.1,11.8,7.2,2.8,0.4,53
mb,2015-03-10,69,0.65,1.9,NA,NA,NA,NA,NA,NA,NA,NA,NA,NA,1.9,84.1,7.2,7.1,3.9,0.7,183
mb,2015-03-10,69,0.65,2.1,D2,Mid-1,19.71489255372314,11.882939244663383,52.35656307560506,0.015487,0.004336360000000001,0.01300908,0.01982336,1.0599999999999998,2.5,85.4,5.1,7,3.8,NA,NA
mb,2015-03-10,69,0.65,2.1,D2,Mid-1,22.258483829513814,16.71084122224602,53.694691796958665,NA,NA,NA,NA,NA,NA,NA,NA,NA,NA,NA,NA
mb,2015-03-10,69,0.65,2.4,NA,NA,NA,NA,NA,NA,NA,NA,NA,NA,3.1,88.3,3.5,7,3.8,0.8,167
mb,2015-03-10,69,0.65,2.6,D3,Mid-2,15.555989719426,23.758552438066683,52.04933961590633,0.010531160000000001,0.0030974,0.0108409,0.013938299999999999,0.79,NA,NA,NA,NA,NA,NA,NA
mb,2015-03-10,69,0.65,2.6,D3,Mid-2,13.96165624330692,17.524038694938245,47.836964946098384,NA,NA,NA,NA,NA,NA,NA,NA,NA,NA,NA,NA
mb,2015-03-10,69,0.65,2.7,NA,NA,NA,NA,NA,NA,NA,NA,NA,NA,3.9,91.5,2.1,7,3.8,0.9,240
mb,2015-03-10,69,0.65,2.75,D4,Mid-3,23.30214292853573,15.919622117512672,58.68536588848433,0.014867519999999999,0.005265580000000001,0.01146038,0.02044284,1.0300000000000002,NA,NA,NA,NA,NA,NA,NA
mb,2015-03-10,69,0.65,2.75,D4,Mid-3,20.821485899907188,12.300527164988935,54.48664553437567,NA,NA,NA,NA,NA,NA,NA,NA,NA,NA,NA,NA
mb,2015-03-10,69,0.65,2.9,NA,NA,NA,NA,NA,NA,NA,NA,NA,NA,4.3,96,1.3,7,5.9,1,153
mb,2015-03-10,69,0.65,3.05,D5,Bottom,31.069274148639966,7.743691011637039,59.26567680445491,0.0216818,0.004336360000000001,0.035000619999999996,0.02601816,1.97,NA,NA,NA,NA,NA,NA,NA
mb,2015-03-10,69,0.65,3.05,D5,Bottom,29.95743628185907,7.150276647390591,61.286524309273936,NA,NA,NA,NA,NA,NA,NA,NA,NA,NA,NA,NA
mb,2015-03-19,78,0.67,0.6,NA,NA,NA,NA,NA,NA,NA,NA,NA,NA,1.4,93.2,12.8,6.9,5.5,1.2,3
mb,2015-03-19,78,0.67,0.7,D1,Top,14.695888769900764,57.158256585992724,97.9280396230456,0.03190322,0.01022142,0.02044284,0.04243438,2.0200000000000005,NA,NA,NA,NA,NA,NA,NA
mb,2015-03-19,78,0.67,0.7,D1,Top,14.323528021703433,58.799303705290214,94.67147119297493,NA,NA,NA,NA,NA,NA,NA,NA,NA,NA,NA,NA
mb,2015-03-19,78,0.67,1,NA,NA,NA,NA,NA,NA,NA,NA,NA,NA,0.8,92.8,13,6.9,7.2,1.6,NA
mb,2015-03-19,78,0.67,1.3,NA,NA,NA,NA,NA,NA,NA,NA,NA,NA,0.5,93.2,13,6.9,7.4,NA,NA
mb,2015-03-19,78,0.67,1.5,NA,NA,NA,NA,NA,NA,NA,NA,NA,NA,0.6,94,13,7,7.5,1.3,NA
mb,2015-03-19,78,0.67,1.8,NA,NA,NA,NA,NA,NA,NA,NA,NA,NA,0.6,94.2,13,7.1,8.2,1.3,NA
mb,2015-03-19,78,0.67,2.1,D2,Mid-1,17.496461412151067,50.044610480474056,79.5629052616549,0.027876599999999998,0.007433759999999999,0.01641622,0.03531036,1.6699999999999997,NA,NA,NA,NA,NA,NA,NA
mb,2015-03-19,78,0.67,2.1,D2,Mid-1,15.771014992503748,48.117845363032764,81.33797401299351,NA,NA,NA,NA,NA,NA,NA,NA,NA,NA,NA,NA
mb,2015-03-19,78,0.67,2.2,NA,NA,NA,NA,NA,NA,NA,NA,NA,NA,1.7,96.7,9.5,6.9,7.2,0.2,NA
mb,2015-03-19,78,0.67,2.6,D3,Mid-2,24.93843256942957,18.615628043121298,56.6235552223888,0.017345440000000004,0.00650454,0.013938299999999999,0.023849980000000003,1.2099999999999997,3,94.6,5.1,6.9,5.6,1.4,NA
mb,2015-03-19,78,0.67,2.6,D3,Mid-2,23.485701078032413,18.996585421574927,56.609900906689504,NA,NA,NA,NA,NA,NA,NA,NA,NA,NA,NA,NA
mb,2015-03-19,78,0.67,2.85,D4,Mid-3,24.293356821589203,17.084472478046692,61.30700585421575,0.018584399999999997,0.0037168799999999997,0.02044284,0.02261102,1.39,NA,NA,NA,NA,NA,NA,NA
mb,2015-03-19,78,0.67,2.85,D4,Mid-3,25.83524516313272,17.414147140715357,60.05080338402228,NA,NA,NA,NA,NA,NA,NA,NA,NA,NA,NA,NA
mb,2015-03-19,78,0.67,2.9,NA,NA,NA,NA,NA,NA,NA,NA,NA,NA,3.7,97.5,2.1,6.9,6,0.3,8
mb,2015-03-19,78,0.67,3,NA,NA,NA,NA,NA,NA,NA,NA,NA,NA,3.9,99.1,1.6,6.9,5.5,NA,NA
mb,2015-03-19,78,0.67,3.1,D5,Bottom,28.06940979510245,13.648530163489683,54.31596587420575,0.020133099999999998,0.00650454,0.013628560000000001,0.02694738,1.3099999999999998,NA,NA,NA,NA,NA,NA,NA
mb,2015-03-19,78,0.67,3.1,D5,Bottom,29.401517384165064,13.091746269722282,57.59984307846077,NA,NA,NA,NA,NA,NA,NA,NA,NA,NA,NA,NA
mb,2015-03-25,84,0.7,0.7,D1,Top,10.856901549225388,49.74424023702435,91.08719775826373,0.0170357,0.00836298,0.00991168,0.02539868,1.14,1.5,93.6,13.2,7.3,2.9,1,139
mb,2015-03-25,84,0.7,0.7,D1,Top,11.90580516884415,54.9164690511887,83.03794367102164,NA,NA,NA,NA,NA,NA,NA,NA,NA,NA,NA,NA
mb,2015-03-25,84,0.7,0.9,NA,NA,NA,NA,NA,NA,NA,NA,NA,NA,1.3,92.9,13.3,7.3,3.3,1.3,115
mb,2015-03-25,84,0.7,1.3,NA,NA,NA,NA,NA,NA,NA,NA,NA,NA,1.2,93.3,13.3,7.3,3.4,NA,NA
mb,2015-03-25,84,0.7,1.6,NA,NA,NA,NA,NA,NA,NA,NA,NA,NA,1.3,93.6,13.3,7.3,3.5,1.1,NA
mb,2015-03-25,84,0.7,1.8,NA,NA,NA,NA,NA,NA,NA,NA,NA,NA,1.5,94.9,12.8,7.2,4.5,NA,NA
mb,2015-03-25,84,0.7,2.1,D2,Mid-1,16.321689369600914,44.366880559720144,78.06092396658813,0.0232305,0.00991168,0.01672596,0.03283244,1.6,2.2,96,8.8,7.1,5.2,1.3,NA
mb,2015-03-25,84,0.7,2.1,D2,Mid-1,14.758823017062896,40.48404590561862,74.77021960448347,NA,NA,NA,NA,NA,NA,NA,NA,NA,NA,NA,NA
mb,2015-03-25,84,0.7,2.4,NA,NA,NA,NA,NA,NA,NA,NA,NA,NA,3.1,96.9,5.2,7,5,1.2,86
mb,2015-03-25,84,0.7,2.5,NA,NA,NA,NA,NA,NA,NA,NA,NA,NA,3.5,97.8,3.9,7,5.1,1,NA
mb,2015-03-25,84,0.7,2.6,D3,Mid-2,22.78293560362676,21.96365717141429,59.91425965588634,0.018274659999999998,0.004646099999999999,0.01672596,0.02292076,1.2900000000000003,NA,NA,NA,NA,NA,NA,NA
mb,2015-03-25,84,0.7,2.6,D3,Mid-2,20.51205932747912,20.146783608195904,60.788139644463485,NA,NA,NA,NA,NA,NA,NA,NA,NA,NA,NA,NA
mb,2015-03-25,84,0.7,2.8,NA,NA,NA,NA,NA,NA,NA,NA,NA,NA,4,99.4,2,7,5.1,1.6,NA
mb,2015-03-25,84,0.7,2.85,D4,Mid-3,25.646442493039196,20.71089355322339,63.11621053758835,0.0170357,0.00495584,0.01765518,0.021991539999999997,1.27,NA,NA,NA,NA,NA,NA,NA
mb,2015-03-25,84,0.7,2.85,D4,Mid-3,21.702564931819804,21.187090240593992,59.01307089312486,NA,NA,NA,NA,NA,NA,NA,NA,NA,NA,NA,NA
mb,2015-03-25,84,0.7,3,NA,NA,NA,NA,NA,NA,NA,NA,NA,NA,4.1,99.9,1.8,7,5.9,NA,NA
mb,2015-03-25,84,0.7,3.05,D5,Bottom,26.55374412793603,13.567943028485757,65.614961162276,0.01920388,0.004336360000000001,0.02230128,0.02354024,1.4799999999999998,NA,NA,NA,NA,NA,NA,NA
mb,2015-03-25,84,0.7,3.05,D5,Bottom,25.683154137217105,13.648530163489683,55.16936431784108,NA,NA,NA,NA,NA,NA,NA,NA,NA,NA,NA,NA
mb,2015-03-28,87,0.69,0.7,D1,Top,17.620031412864996,42.38752352395231,81.42051095880632,0.03840776,0.00588506,0.03066426,0.04429282,2.4199999999999995,0.2,83.6,13.4,7.3,15.6,1.8,181
mb,2015-03-28,87,0.69,0.7,D1,Top,16.379962161776255,41.82479396016277,77.80697422717213,NA,NA,NA,NA,NA,NA,NA,NA,NA,NA,NA,NA
mb,2015-03-28,87,0.69,1,NA,NA,NA,NA,NA,NA,NA,NA,NA,NA,0.3,83.7,13.4,7.4,16,2,243
mb,2015-03-28,87,0.69,1.2,NA,NA,NA,NA,NA,NA,NA,NA,NA,NA,0.2,83.8,13.5,7.3,15.4,NA,NA
mb,2015-03-28,87,0.69,1.4,NA,NA,NA,NA,NA,NA,NA,NA,NA,NA,0.2,83.8,13.5,7.4,16.5,NA,NA
mb,2015-03-28,87,0.69,1.6,NA,NA,NA,NA,NA,NA,NA,NA,NA,NA,0.2,83.9,13.5,7.4,15.5,1.7,67
mb,2015-03-28,87,0.69,1.8,NA,NA,NA,NA,NA,NA,NA,NA,NA,NA,0.5,84.6,13.3,7.4,14.9,NA,NA
mb,2015-03-28,87,0.69,2.1,D2,Mid-1,16.999996787320626,33.78469865067466,79.10277111444279,0.03623958,0.008672720000000002,0.02911556,0.044912299999999995,2.39,2,89.7,9.9,7.2,6.2,2.5,315
mb,2015-03-28,87,0.69,2.1,D2,Mid-1,17.920048190190617,39.558458342257445,77.7268218747769,NA,NA,NA,NA,NA,NA,NA,NA,NA,NA,NA,NA
mb,2015-03-28,87,0.69,2.3,NA,NA,NA,NA,NA,NA,NA,NA,NA,NA,2.6,92.8,7.7,7.1,5.9,1.3,NA
mb,2015-03-28,87,0.69,2.6,D3,Mid-2,20.266845862782894,23.13137959591633,63.145767045048906,0.01796492,0.00247792,0.02075258,0.02044284,1.33,3.4,96.6,4.4,7,5.9,0.8,NA
mb,2015-03-28,87,0.69,2.6,D3,Mid-2,23.787042407367743,25.968153423288356,60.140052545155996,NA,NA,NA,NA,NA,NA,NA,NA,NA,NA,NA,NA
mb,2015-03-28,87,0.69,2.8,NA,NA,NA,NA,NA,NA,NA,NA,NA,NA,3.7,98.9,2.8,7,6.5,0.2,61
mb,2015-03-28,87,0.69,2.85,D4,Mid-3,19.766817948168775,31.20230941672021,59.93299221817662,0.015487,0.0037168799999999997,0.02663764,0.01920388,1.4799999999999998,NA,NA,NA,NA,NA,NA,NA
mb,2015-03-28,87,0.69,2.85,D4,Mid-3,18.886768829870782,29.776213893053477,62.21733518954808,NA,NA,NA,NA,NA,NA,NA,NA,NA,NA,NA,NA
mb,2015-03-28,87,0.69,3,NA,NA,NA,NA,NA,NA,NA,NA,NA,NA,3.9,99.9,2.4,7,6.2,NA,NA
mb,2015-03-28,87,0.69,3.12,D5,Bottom,29.92738523595345,13.603519740129935,57.18109366745199,0.01796492,6.1948e-4,0.024469460000000002,0.018584399999999997,1.39,NA,NA,NA,NA,NA,NA,NA
mb,2015-03-28,87,0.69,3.12,D5,Bottom,37.10111908331549,14.243335546512458,57.08090319126152,NA,NA,NA,NA,NA,NA,NA,NA,NA,NA,NA,NA
mb,2015-04-06,96,0.6,0.6,D1,Top,16.739982294567003,38.07069386735204,76.31747576211895,0.01331882,0.01177012,0.04708048,0.02508894,2.3400000000000003,NA,NA,NA,NA,NA,NA,NA
mb,2015-04-06,96,0.6,0.6,D1,Top,15.466577853930177,37.4617125008924,73.5922946383951,NA,NA,NA,NA,NA,NA,NA,NA,NA,NA,NA,NA
mb,2015-04-06,96,0.6,0.8,NA,NA,NA,NA,NA,NA,NA,NA,NA,NA,0.4,44,14.3,7.4,27.1,3,169
mb,2015-04-06,96,0.6,1,NA,NA,NA,NA,NA,NA,NA,NA,NA,NA,0.2,43.9,14.4,7.4,30.7,2.9,393
mb,2015-04-06,96,0.6,1.3,NA,NA,NA,NA,NA,NA,NA,NA,NA,NA,0.2,43.9,14.4,7.4,27,2.7,416
mb,2015-04-06,96,0.6,1.6,NA,NA,NA,NA,NA,NA,NA,NA,NA,NA,0.3,44,14.4,7.4,29.1,NA,NA
mb,2015-04-06,96,0.6,1.8,NA,NA,NA,NA,NA,NA,NA,NA,NA,NA,0.2,44,14.4,7.4,29.2,NA,NA
mb,2015-04-06,96,0.6,2.1,NA,NA,NA,NA,NA,NA,NA,NA,NA,NA,0.2,44,14.4,7.4,25.7,3,225
mb,2015-04-06,96,0.6,2.3,NA,NA,NA,NA,NA,NA,NA,NA,NA,NA,0.2,44,14.4,7.4,28.4,NA,NA
mb,2015-04-06,96,0.6,2.38,D2,Mid-1,16.399963304062254,36.44417405582922,68.85662447347755,0.0108409,0.004026620000000001,0.05792138,0.014867519999999999,2.35,NA,NA,NA,NA,NA,NA,NA
mb,2015-04-06,96,0.6,2.38,D2,Mid-1,16.273289569500964,35.27246312558007,69.75165945598629,NA,NA,NA,NA,NA,NA,NA,NA,NA,NA,NA,NA
mb,2015-04-06,96,0.6,2.5,NA,NA,NA,NA,NA,NA,NA,NA,NA,NA,0.2,44,14.4,7.4,27.1,2.2,221
mb,2015-04-06,96,0.6,2.8,NA,NA,NA,NA,NA,NA,NA,NA,NA,NA,0.3,44.2,14.4,7.4,27.4,2.9,374
mb,2015-04-06,96,0.6,2.88,D3,Mid-2,15.819930891697007,34.80994567002214,67.01311965445849,0.013938299999999999,0.00960194,0.05358502,0.02354024,2.4899999999999998,NA,NA,NA,NA,NA,NA,NA
mb,2015-04-06,96,0.6,2.88,D3,Mid-2,17.55336103376883,35.85831862640108,73.57893588919826,NA,NA,NA,NA,NA,NA,NA,NA,NA,NA,NA,NA
mb,2015-04-06,96,0.6,3,NA,NA,NA,NA,NA,NA,NA,NA,NA,NA,0.7,45,14,7.3,30.9,3.2,307
mb,2015-04-06,96,0.6,3.13,D4,Mid-3,15.833265010351967,35.17225101734847,68.00834511315772,0.0108409,0.02044284,0.07712526,0.031283740000000004,3.51,NA,NA,NA,NA,NA,NA,NA
mb,2015-04-06,96,0.6,3.13,D4,Mid-3,16.073278360819593,37.30754001570644,74.68771057328479,NA,NA,NA,NA,NA,NA,NA,NA,NA,NA,NA,NA
mb,2015-04-06,96,0.6,3.2,NA,NA,NA,NA,NA,NA,NA,NA,NA,NA,0.9,45.6,13.7,7.3,30.4,NA,NA
mb,2015-04-06,96,0.6,3.38,D5,Bottom,15.806596844434925,37.08398993360463,69.18391340044263,0.00898246,0.019513620000000002,0.056682420000000004,0.02849608,2.7499999999999996,NA,NA,NA,NA,NA,NA,NA
mb,2015-04-06,96,0.6,3.38,D5,Bottom,15.686590133504675,36.91440015706432,67.12666880845292,NA,NA,NA,NA,NA,NA,NA,NA,NA,NA,NA,NA
sp,2015-01-15,15,0.34,0.4,D1,Top,1.536622545869922,10.390242521596344,58.4245886342543,9.292199999999999e-4,NA,NA,NA,0.79,NA,NA,NA,NA,NA,NA,NA
sp,2015-01-15,15,0.34,0.4,D1,Top,1.935006211180124,10.594693224816163,54.51478260869565,NA,NA,NA,NA,NA,NA,NA,NA,NA,NA,NA,NA
sp,2015-01-15,15,0.34,0.7,NA,NA,NA,NA,NA,NA,NA,NA,NA,NA,2.9,363.7,14.2,7.3,4.9,23,3077
sp,2015-01-15,15,0.34,0.9,NA,NA,NA,NA,NA,NA,NA,NA,NA,NA,2.9,363.5,14.2,7.3,2.4,22.4,3744
sp,2015-01-15,15,0.34,1.2,NA,NA,NA,NA,NA,NA,NA,NA,NA,NA,2.9,NA,14.2,7.1,2.8,NA,NA
sp,2015-01-15,15,0.34,1.4,NA,NA,NA,NA,NA,NA,NA,NA,NA,NA,2.9,364,14.2,7.5,3.1,21.9,3818
sp,2015-01-15,15,0.34,1.8,NA,NA,NA,NA,NA,NA,NA,NA,NA,NA,2.9,NA,14.2,7.5,2.1,NA,NA
sp,2015-01-15,15,0.34,2,NA,NA,NA,NA,NA,NA,NA,NA,NA,NA,2.9,364,14.2,7.6,1.9,21.5,3351
sp,2015-01-15,15,0.34,2.3,NA,NA,NA,NA,NA,NA,NA,NA,NA,NA,2.9,NA,14.2,7.6,2.7,23.3,2784
sp,2015-01-15,15,0.34,2.7,NA,NA,NA,NA,NA,NA,NA,NA,NA,NA,2.9,364,14.2,7.6,2.3,NA,NA
sp,2015-01-15,15,0.34,3,NA,NA,NA,NA,NA,NA,NA,NA,NA,NA,2.9,NA,13.7,7.6,2.1,21.7,2955
sp,2015-01-15,15,0.34,3.2,NA,NA,NA,NA,NA,NA,NA,NA,NA,NA,3.1,363.3,12.3,7.6,2.7,NA,NA
sp,2015-01-15,15,0.34,3.5,NA,NA,NA,NA,NA,NA,NA,NA,NA,NA,3.3,NA,7.4,7.5,1.8,10,4249
sp,2015-01-15,15,0.34,3.8,D2,Mid-1,7.763211037338474,9.40756000571143,58.28998871992576,3.0974e-4,NA,NA,NA,0.6300000000000001,3.5,361.3,5.6,7.4,2.2,NA,NA
sp,2015-01-15,15,0.34,3.8,D2,Mid-1,8.796057471264369,9.842842150353395,58.77711208681373,NA,NA,NA,NA,NA,NA,NA,NA,NA,NA,NA,NA
sp,2015-01-15,15,0.34,4.1,NA,NA,NA,NA,NA,NA,NA,NA,NA,NA,3.7,365.7,4.8,7.3,3.9,9.2,4221
sp,2015-01-15,15,0.34,4.3,D3,Mid-2,10.591242949953594,10.640859498822017,61.584481045191694,6.1948e-4,NA,NA,NA,0.7000000000000001,NA,NA,NA,NA,NA,NA,NA
sp,2015-01-15,15,0.34,4.3,D3,Mid-2,9.691191047333477,10.19238694938245,62.99457499821518,NA,NA,NA,NA,NA,NA,NA,NA,NA,NA,NA,NA
sp,2015-01-15,15,0.34,4.4,NA,NA,NA,NA,NA,NA,NA,NA,NA,NA,3.8,370.3,4.4,7.3,2.4,9.8,5731
sp,2015-01-15,15,0.34,4.5,D4,Mid-3,10.409265224530591,8.992063325480116,57.93746526736632,6.1948e-4,NA,NA,NA,0.64,3.9,378,4.2,7.2,32.8,11.6,9561
sp,2015-01-15,15,0.34,4.5,D4,Mid-3,10.542059827229243,8.919516313271936,60.482043906618124,NA,NA,NA,NA,NA,NA,NA,NA,NA,NA,NA,NA
sp,2015-01-15,15,0.34,4.8,D5,Bottom,8.358327336331834,8.134689298208038,58.0592460912401,0.00123896,NA,NA,NA,0.86,NA,NA,NA,NA,NA,NA,NA
sp,2015-01-15,15,0.34,4.8,D5,Bottom,9.292807453416149,7.9434289283929465,59.386016348968376,NA,NA,NA,NA,NA,NA,NA,NA,NA,NA,NA,NA
sp,2015-02-06,37,0.44,0.5,D1,Top,0.8628132362390234,11.227830941672023,76.82631505675732,0.0034071400000000003,0.01300908,0.02539868,0.01641622,1.35,2.8,199.2,14.1,6.8,3,22.7,7411
sp,2015-02-06,37,0.44,0.5,D1,Top,1.8071299350324839,10.82552466623831,75.33289733704576,NA,NA,NA,NA,NA,NA,NA,NA,NA,NA,NA,NA
sp,2015-02-06,37,0.44,0.9,NA,NA,NA,NA,NA,NA,NA,NA,NA,NA,2.9,196.1,14.5,7.3,2.7,21.4,5842
sp,2015-02-06,37,0.44,1.4,NA,NA,NA,NA,NA,NA,NA,NA,NA,NA,3.4,198.5,14.3,7.4,2.8,20.4,3487
sp,2015-02-06,37,0.44,1.8,NA,NA,NA,NA,NA,NA,NA,NA,NA,NA,3.6,199.5,14,7.5,3,18.9,2762
sp,2015-02-06,37,0.44,2.3,NA,NA,NA,NA,NA,NA,NA,NA,NA,NA,3.7,200.4,12.3,7.4,1.9,NA,NA
sp,2015-02-06,37,0.44,2.7,NA,NA,NA,NA,NA,NA,NA,NA,NA,NA,3.8,201.6,12.3,7.4,1.7,15.6,2349
sp,2015-02-06,37,0.44,2.9,NA,NA,NA,NA,NA,NA,NA,NA,NA,NA,3.8,202.7,12.7,7.4,2.5,16.4,2350
sp,2015-02-06,37,0.44,3.3,NA,NA,NA,NA,NA,NA,NA,NA,NA,NA,3.8,203.3,12.5,7.4,2.5,18.3,2022
sp,2015-02-06,37,0.44,3.8,D2,Mid-1,3.9908624259298926,9.005253730277717,55.74541008067395,0.00123896,0.00898246,0.009292199999999999,0.01022142,0.6300000000000001,3.9,204.9,11.3,7.4,2.2,NA,NA
sp,2015-02-06,37,0.44,3.8,D2,Mid-1,3.538377311344328,9.710938459341758,54.47632548011708,NA,NA,NA,NA,NA,NA,NA,NA,NA,NA,NA,NA
sp,2015-02-06,37,0.44,4.2,D3,Mid-2,9.637089598058115,7.7125974869708,60.20643463982295,0.0018584399999999998,0.007433759999999999,0.01207986,0.009292199999999999,0.69,4.1,209.7,7,7.3,2.8,18,2882
sp,2015-02-06,37,0.44,4.2,D3,Mid-2,9.720700935246663,6.87500899550225,57.142685014635546,NA,NA,NA,NA,NA,NA,NA,NA,NA,NA,NA,NA
sp,2015-02-06,37,0.44,4.4,D4,Mid-3,10.438775183836654,7.145411579924324,57.50802755764974,0.0021681800000000005,0.0061948,0.01207986,0.00836298,0.66,4.2,214.5,6,7.2,3.9,14.1,2205
sp,2015-02-06,37,0.44,4.4,D4,Mid-3,10.050228171628472,6.861818662097522,57.59776076247591,NA,NA,NA,NA,NA,NA,NA,NA,NA,NA,NA,NA
sp,2015-02-06,37,0.44,4.6,D5,Bottom,10.079738059541658,7.006912686513886,118.6356014849718,0.0021681800000000005,0.0077435,0.05699216,0.00991168,2.16,4.4,219.5,4.4,7.1,29.5,14.4,5346
sp,2015-02-06,37,0.44,4.6,D5,Bottom,10.232205897051475,6.907984936103378,81.33861576354678,NA,NA,NA,NA,NA,NA,NA,NA,NA,NA,NA,NA
sp,2015-02-18,49,0.45,0.45,D1,Top,1.674335403726708,10.772763189833654,78.09539958592131,0.00247792,0.01146038,0.02539868,0.013938299999999999,1.2600000000000002,NA,NA,NA,NA,NA,NA,NA
sp,2015-02-18,49,0.45,0.45,D1,Top,1.94976111944028,10.647454701220818,73.14725165988435,NA,NA,NA,NA,NA,NA,NA,NA,NA,NA,NA,NA
sp,2015-02-18,49,0.45,0.6,NA,NA,NA,NA,NA,NA,NA,NA,NA,NA,2.7,202.6,13.7,6.8,3.9,20.4,4702
sp,2015-02-18,49,0.45,1.2,NA,NA,NA,NA,NA,NA,NA,NA,NA,NA,3.1,199.3,13.3,6.9,1.3,17.7,3232
sp,2015-02-18,49,0.45,1.7,NA,NA,NA,NA,NA,NA,NA,NA,NA,NA,3.4,200.7,13.1,7,1.4,17.4,3908
sp,2015-02-18,49,0.45,2.2,NA,NA,NA,NA,NA,NA,NA,NA,NA,NA,3.6,201.6,12.9,7.1,2.3,NA,NA
sp,2015-02-18,49,0.45,2.7,NA,NA,NA,NA,NA,NA,NA,NA,NA,NA,3.8,202.7,12.3,7.2,1.2,14.9,3463
sp,2015-02-18,49,0.45,3.2,NA,NA,NA,NA,NA,NA,NA,NA,NA,NA,4,204.6,10.2,7.1,1.5,NA,NA
sp,2015-02-18,49,0.45,3.6,D2,Mid-1,10.846995430856001,7.442194902548725,78.54406589562362,0.0018584399999999998,0.006814280000000001,0.01641622,0.008672720000000002,0.81,NA,NA,NA,NA,NA,NA,NA
sp,2015-02-18,49,0.45,3.6,D2,Mid-1,10.242042478760618,7.231148996930107,55.65567680445492,NA,NA,NA,NA,NA,NA,NA,NA,NA,NA,NA,NA
sp,2015-02-18,49,0.45,3.7,NA,NA,NA,NA,NA,NA,NA,NA,NA,NA,4.2,208.1,6.3,7.1,2.1,9.3,2071
sp,2015-02-18,49,0.45,3.9,NA,NA,NA,NA,NA,NA,NA,NA,NA,NA,4.3,213,4.9,7.1,2.1,7.6,2449
sp,2015-02-18,49,0.45,4.1,D3,Mid-2,13.483212964946098,6.472702720068537,62.67409909331048,0.00247792,0.006814280000000001,0.010531160000000001,0.009292199999999999,0.64,NA,NA,NA,NA,NA,NA,NA
sp,2015-02-18,49,0.45,4.1,D3,Mid-2,15.057074248589991,6.050610908831299,66.60313371885486,NA,NA,NA,NA,NA,NA,NA,NA,NA,NA,NA,NA
sp,2015-02-18,49,0.45,4.2,NA,NA,NA,NA,NA,NA,NA,NA,NA,NA,4.5,216.5,3.7,7.1,2.3,8,3133
sp,2015-02-18,49,0.45,4.35,D4,Mid-3,10.384673663168416,7.0860549011208676,72.4678427214964,0.0018584399999999998,0.00898246,0.014867519999999999,0.010531160000000001,0.82,NA,NA,NA,NA,NA,NA,NA
sp,2015-02-18,49,0.45,4.35,D4,Mid-3,14.998054401370744,NA,69.91685457271365,NA,NA,NA,NA,NA,NA,NA,NA,NA,NA,NA,NA
sp,2015-02-18,49,0.45,4.4,NA,NA,NA,NA,NA,NA,NA,NA,NA,NA,4.6,220.1,2.8,7,29.5,0,10433
sp,2015-02-18,49,0.45,4.64,D5,Bottom,13.793066895123868,6.598011280074249,69.03875055329478,0.00278766,0.00588506,0.01177012,0.008672720000000002,0.6699999999999999,NA,NA,NA,NA,NA,NA,NA
sp,2015-02-18,49,0.45,4.64,D5,Bottom,15.62268058827729,5.898921682016135,68.66699850074963,NA,NA,NA,NA,NA,NA,NA,NA,NA,NA,NA,NA
sp,2015-03-10,69,0.54,0.54,D1,Top,2.109045477261369,9.201585564360679,65.53915370885986,0.00123896,0.01146038,0.00991168,0.01269934,0.73,NA,NA,NA,NA,NA,NA,NA
sp,2015-03-10,69,0.54,0.54,D1,Top,2.5600740344113655,10.329805383022775,61.31528128792747,NA,NA,NA,NA,NA,NA,NA,NA,NA,NA,NA,NA
sp,2015-03-10,69,0.54,0.6,NA,NA,NA,NA,NA,NA,NA,NA,NA,NA,2.5,201.8,12,7.4,1.3,48.2,6588
sp,2015-03-10,69,0.54,0.9,NA,NA,NA,NA,NA,NA,NA,NA,NA,NA,2.5,202.1,11.9,7.4,1.5,13.5,3663
sp,2015-03-10,69,0.54,1.2,NA,NA,NA,NA,NA,NA,NA,NA,NA,NA,2.8,203.7,11.7,7.4,1.4,NA,NA
sp,2015-03-10,69,0.54,1.4,NA,NA,NA,NA,NA,NA,NA,NA,NA,NA,3.1,204.9,11.4,7.5,1.5,9.6,2966
sp,2015-03-10,69,0.54,1.7,NA,NA,NA,NA,NA,NA,NA,NA,NA,NA,3.3,206.1,11.2,7.5,2.1,NA,NA
sp,2015-03-10,69,0.54,1.9,NA,NA,NA,NA,NA,NA,NA,NA,NA,NA,3.6,208,10.7,7.5,1,7.8,2310
sp,2015-03-10,69,0.54,2.2,NA,NA,NA,NA,NA,NA,NA,NA,NA,NA,3.7,208.6,10.5,7.5,1.3,NA,NA
sp,2015-03-10,69,0.54,2.4,NA,NA,NA,NA,NA,NA,NA,NA,NA,NA,3.8,209.3,9.5,7.5,1.3,6.9,2702
sp,2015-03-10,69,0.54,2.7,NA,NA,NA,NA,NA,NA,NA,NA,NA,NA,3.9,210,9,7.4,1.6,NA,NA
sp,2015-03-10,69,0.54,3,NA,NA,NA,NA,NA,NA,NA,NA,NA,NA,4.1,212.2,6.4,7.4,2.3,5.6,2322
sp,2015-03-10,69,0.54,3.3,NA,NA,NA,NA,NA,NA,NA,NA,NA,NA,4.2,213.7,5.3,7.4,1.7,NA,NA
sp,2015-03-10,69,0.54,3.4,NA,NA,NA,NA,NA,NA,NA,NA,NA,NA,4.4,216.4,4,7.3,2.3,4,1526
sp,2015-03-10,69,0.54,3.7,D2,Mid-1,10.248537516955809,9.809652102520168,58.17461740558293,9.292199999999999e-4,0.006814280000000001,0.00836298,0.0077435,0.52,4.5,219.4,3,7.3,2,NA,NA
sp,2015-03-10,69,0.54,3.7,D2,Mid-1,9.58772820732491,7.926843578210895,59.584711358606405,NA,NA,NA,NA,NA,NA,NA,NA,NA,NA,NA,NA
sp,2015-03-10,69,0.54,3.9,NA,NA,NA,NA,NA,NA,NA,NA,NA,NA,4.6,219.8,2.7,7.3,2.7,3.8,2202
sp,2015-03-10,69,0.54,4.2,D3,Mid-2,20.753307132148212,6.124622188905548,62.52668015992004,9.292199999999999e-4,0.00898246,0.005265580000000001,0.00960194,0.49,4.6,220.7,2.4,7.3,2.2,4.4,1984
sp,2015-03-10,69,0.54,4.2,D3,Mid-2,17.947489969301067,4.930467409152566,62.379261297922476,NA,NA,NA,NA,NA,NA,NA,NA,NA,NA,NA,NA
sp,2015-03-10,69,0.54,4.45,D4,Mid-3,22.588888484329267,4.94511958306561,70.66676818733491,0.0034071400000000003,0.01115064,0.01022142,0.01424804,0.79,NA,NA,NA,NA,NA,NA,NA
sp,2015-03-10,69,0.54,4.45,D4,Mid-3,15.624168487184978,5.201533233383309,67.13512372385236,NA,NA,NA,NA,NA,NA,NA,NA,NA,NA,NA,NA
sp,2015-03-10,69,0.54,4.5,NA,NA,NA,NA,NA,NA,NA,NA,NA,NA,4.7,226.3,2.7,7.3,44.9,5.6,2147
sp,2015-03-10,69,0.54,4.65,D5,Bottom,25.30030427643321,6.498253444706218,71.25003426858,0.0037168799999999997,0.01146038,0.01115064,0.01517726,0.8499999999999999,NA,NA,NA,NA,NA,NA,NA
sp,2015-03-10,69,0.54,4.65,D5,Bottom,16.87236374669808,6.161252730777469,72.87164239308918,NA,NA,NA,NA,NA,NA,NA,NA,NA,NA,NA,NA
sp,2015-03-19,78,0.52,0.7,D1,Top,2.4027384878989078,9.033085171699865,68.86569358178053,0.0018584399999999998,0.01022142,0.01765518,0.01207986,0.96,3.7,188.6,13.1,7.4,1,7.6,1534
sp,2015-03-19,78,0.52,0.7,D1,Top,2.1510016420361247,8.798649889341045,62.20620425501535,NA,NA,NA,NA,NA,NA,NA,NA,NA,NA,NA,NA
sp,2015-03-19,78,0.52,1,NA,NA,NA,NA,NA,NA,NA,NA,NA,NA,4,205.8,13.1,7.5,1.6,13,2556
sp,2015-03-19,78,0.52,1.3,NA,NA,NA,NA,NA,NA,NA,NA,NA,NA,4.1,209.2,13.1,7.5,1.3,NA,NA
sp,2015-03-19,78,0.52,1.5,NA,NA,NA,NA,NA,NA,NA,NA,NA,NA,4.2,209.8,13.1,7.6,1.3,25.9,4617
sp,2015-03-19,78,0.52,1.8,NA,NA,NA,NA,NA,NA,NA,NA,NA,NA,4.2,210.7,13,7.7,1.4,NA,NA
sp,2015-03-19,78,0.52,2,NA,NA,NA,NA,NA,NA,NA,NA,NA,NA,4.2,211,12.7,7.7,1.6,26.2,5488
sp,2015-03-19,78,0.52,2.3,NA,NA,NA,NA,NA,NA,NA,NA,NA,NA,4.3,211.8,11.3,7.6,1.7,NA,NA
sp,2015-03-19,78,0.52,2.6,NA,NA,NA,NA,NA,NA,NA,NA,NA,NA,4.3,212.6,10.1,7.6,1.6,14.5,2833
sp,2015-03-19,78,0.52,2.8,NA,NA,NA,NA,NA,NA,NA,NA,NA,NA,4.4,213.8,8.3,7.5,1.4,NA,NA
sp,2015-03-19,78,0.52,3.1,NA,NA,NA,NA,NA,NA,NA,NA,NA,NA,4.4,215.1,7.1,7.4,2,9.6,2248
sp,2015-03-19,78,0.52,3.3,NA,NA,NA,NA,NA,NA,NA,NA,NA,NA,4.5,216.7,5.6,7.4,1.9,NA,NA
sp,2015-03-19,78,0.52,3.6,D2,Mid-1,16.882852787891768,7.033058970514743,72.7883186264011,3.0974e-4,0.009292199999999999,0.00898246,0.00960194,0.6,4.5,217.2,5.2,7.4,2,8.5,1631
sp,2015-03-19,78,0.52,3.6,D2,Mid-1,16.919564432069677,6.7326887984579145,73.12161355036768,NA,NA,NA,NA,NA,NA,NA,NA,NA,NA,NA,NA
sp,2015-03-19,78,0.52,3.9,NA,NA,NA,NA,NA,NA,NA,NA,NA,NA,4.5,218.1,4.9,7.4,2.2,NA,NA
sp,2015-03-19,78,0.52,4.1,D3,Mid-2,10.898857714000144,31.355721425001786,101.37476925822804,NA,NA,NA,0.06256748000000001,NA,4.5,219.2,4.6,7.4,2.5,8.7,2704
sp,2015-03-19,78,0.52,4.1,D3,Mid-2,11.119127507674735,21.985635467980295,107.47022096094808,NA,NA,NA,NA,NA,NA,NA,NA,NA,NA,NA,NA
sp,2015-03-19,78,0.52,4.35,D4,Mid-3,19.78307132148212,7.50192960662526,74.69835503676735,0.00123896,0.007433759999999999,0.017345440000000004,0.008672720000000002,0.84,NA,NA,NA,NA,NA,NA,NA
sp,2015-03-19,78,0.52,4.35,D4,Mid-3,18.450963732419506,7.553212322410223,76.58275333761692,NA,NA,NA,NA,NA,NA,NA,NA,NA,NA,NA,NA
sp,2015-03-19,78,0.52,4.4,NA,NA,NA,NA,NA,NA,NA,NA,NA,NA,4.4,222.3,3.9,7.4,3.6,8.6,3905
sp,2015-03-19,78,0.52,4.6,D5,Bottom,16.248266152637967,16.249296708788464,83.54348996930106,0.008053240000000001,0.013628560000000001,0.03314218,0.0216818,1.77,2.9,304.9,7.5,7.3,10.9,14.3,2658
sp,2015-03-19,78,0.52,4.6,D5,Bottom,11.821892910687513,19.78047847504819,87.76736239023346,NA,NA,NA,NA,NA,NA,NA,NA,NA,NA,NA,NA
sp,2015-03-25,84,0.45,0.45,D1,Top,1.2332109659455988,6.029382879988577,72.64089969301064,0.0021681800000000005,0.01177012,0.008672720000000002,0.01424804,0.73,NA,NA,NA,NA,NA,NA,NA
sp,2015-03-25,84,0.45,0.45,D1,Top,1.296145141714857,5.150250517598344,53.40593596059113,NA,NA,NA,NA,NA,NA,NA,NA,NA,NA,NA,NA
sp,2015-03-25,84,0.45,0.5,NA,NA,NA,NA,NA,NA,NA,NA,NA,NA,5,198.2,15.8,8.2,1.8,4.8,1066
sp,2015-03-25,84,0.45,0.8,NA,NA,NA,NA,NA,NA,NA,NA,NA,NA,5.3,210.3,16.1,8.2,1.2,5.9,1112
sp,2015-03-25,84,0.45,1,NA,NA,NA,NA,NA,NA,NA,NA,NA,NA,5.3,212.5,16.2,8.3,1.8,8.9,1950
sp,2015-03-25,84,0.45,1.3,NA,NA,NA,NA,NA,NA,NA,NA,NA,NA,5.3,213.1,16.3,8.3,1.9,12,2523
sp,2015-03-25,84,0.45,1.5,NA,NA,NA,NA,NA,NA,NA,NA,NA,NA,5.3,213.2,16.3,8.3,1.6,15.6,3125
sp,2015-03-25,84,0.45,1.8,NA,NA,NA,NA,NA,NA,NA,NA,NA,NA,5.3,213.4,16.3,8.3,1.9,23.3,4166
sp,2015-03-25,84,0.45,2,NA,NA,NA,NA,NA,NA,NA,NA,NA,NA,5.2,214.5,16.3,8.3,2.1,28,5103
sp,2015-03-25,84,0.45,2.3,NA,NA,NA,NA,NA,NA,NA,NA,NA,NA,5.1,215.4,15.7,8.3,2.7,27.5,4232
sp,2015-03-25,84,0.45,2.5,NA,NA,NA,NA,NA,NA,NA,NA,NA,NA,5,216.7,14.8,8.1,2.6,25.9,4464
sp,2015-03-25,84,0.45,2.8,NA,NA,NA,NA,NA,NA,NA,NA,NA,NA,4.9,216.8,14.3,8.1,2.5,23.4,3723
sp,2015-03-25,84,0.45,3,NA,NA,NA,NA,NA,NA,NA,NA,NA,NA,4.8,216.8,11.9,7.9,2.4,23.1,3538
sp,2015-03-25,84,0.45,3.3,NA,NA,NA,NA,NA,NA,NA,NA,NA,NA,4.7,217.9,9,7.7,2.5,19.4,2615
sp,2015-03-25,84,0.45,3.5,NA,NA,NA,NA,NA,NA,NA,NA,NA,NA,4.7,219.1,7.9,7.6,2.3,18.6,2815
sp,2015-03-25,84,0.45,3.8,D2,Mid-1,8.297576783037051,6.710710430499036,65.5455632183908,0.0018584399999999998,0.01300908,0.01269934,0.014867519999999999,0.89,4.6,221.7,5.6,7.5,2.4,17.8,2684
sp,2015-03-25,84,0.45,3.8,D2,Mid-1,7.668234596987221,7.25284207896052,71.20516770186336,NA,NA,NA,NA,NA,NA,NA,NA,NA,NA,NA,NA
sp,2015-03-25,84,0.45,4,NA,NA,NA,NA,NA,NA,NA,NA,NA,NA,4.6,222.8,4.9,7.5,2.9,18.3,2660
sp,2015-03-25,84,0.45,4.25,D3,Mid-2,12.64528221603484,8.952498036695939,64.12905968444349,0.0018584399999999998,0.009292199999999999,0.01177012,0.01115064,0.7399999999999999,NA,NA,NA,NA,NA,NA,NA
sp,2015-03-25,84,0.45,4.25,D3,Mid-2,11.491488255872063,8.666779967159279,70.10914007282074,NA,NA,NA,NA,NA,NA,NA,NA,NA,NA,NA,NA
sp,2015-03-25,84,0.45,4.3,NA,NA,NA,NA,NA,NA,NA,NA,NA,NA,4.6,223.8,4.2,7.4,2.9,18.7,3964
sp,2015-03-25,84,0.45,4.5,D4,Mid-3,16.122397729706577,7.978126293995858,71.05133925894195,0.00123896,0.010531160000000001,0.01579674,0.01177012,0.89,4.6,261.2,5.5,7.4,5.6,NA,NA
sp,2015-03-25,84,0.45,4.5,D4,Mid-3,13.337558649246805,7.509255729278219,78.96068458627829,NA,NA,NA,NA,NA,NA,NA,NA,NA,NA,NA,NA
sp,2015-03-25,84,0.45,4.75,D5,Bottom,5.376380238452202,10.59354515599343,101.15684564860427,0.005265580000000001,0.01765518,0.06876228000000001,0.02292076,2.9500000000000006,NA,NA,NA,NA,NA,NA,NA
sp,2015-03-25,84,0.45,4.75,D5,Bottom,4.227830798886271,10.688784464910402,113.81564389233954,NA,NA,NA,NA,NA,NA,NA,NA,NA,NA,NA,NA
sp,2015-03-27,86,0.41,0.4,D1,Top,6.1927267080745345,16.941354108659958,62.82515749268223,0.0034071400000000003,0.00557532,0.026327899999999998,0.00898246,1.14,5.1,194.6,16.8,8.6,3,27.2,8421
sp,2015-03-27,86,0.41,0.4,D1,Top,5.752702148925537,16.047153708859856,58.46353180552581,NA,NA,NA,NA,NA,NA,NA,NA,NA,NA,NA,NA
sp,2015-03-27,86,0.41,0.6,NA,NA,NA,NA,NA,NA,NA,NA,NA,NA,5.2,205.2,17.5,8.7,3.3,NA,NA
sp,2015-03-27,86,0.41,0.9,NA,NA,NA,NA,NA,NA,NA,NA,NA,NA,5.2,208.7,17.6,8.7,3.2,33.8,8830
sp,2015-03-27,86,0.41,1.1,NA,NA,NA,NA,NA,NA,NA,NA,NA,NA,5.2,209.9,17.7,8.7,3,NA,NA
sp,2015-03-27,86,0.41,1.4,NA,NA,NA,NA,NA,NA,NA,NA,NA,NA,5.2,210.4,17.7,8.7,2.9,32.4,8245
sp,2015-03-27,86,0.41,1.6,NA,NA,NA,NA,NA,NA,NA,NA,NA,NA,5.2,210.6,17.7,8.6,2.5,NA,NA
sp,2015-03-27,86,0.41,1.9,NA,NA,NA,NA,NA,NA,NA,NA,NA,NA,5.1,210.8,17.6,8.6,2.4,30.1,7082
sp,2015-03-27,86,0.41,2.2,NA,NA,NA,NA,NA,NA,NA,NA,NA,NA,5.1,211.8,17,8.5,2.8,NA,NA
sp,2015-03-27,86,0.41,2.4,NA,NA,NA,NA,NA,NA,NA,NA,NA,NA,5,213.4,15.6,8.4,2.5,18.6,2854
sp,2015-03-27,86,0.41,2.6,NA,NA,NA,NA,NA,NA,NA,NA,NA,NA,5,215.1,14.7,8.2,3.2,NA,NA
sp,2015-03-27,86,0.41,2.9,NA,NA,NA,NA,NA,NA,NA,NA,NA,NA,4.9,216.2,14.9,8.3,2.3,NA,NA
sp,2015-03-27,86,0.41,3.1,NA,NA,NA,NA,NA,NA,NA,NA,NA,NA,4.8,216.5,12.9,8,2.4,18,3419
sp,2015-03-27,86,0.41,3.4,NA,NA,NA,NA,NA,NA,NA,NA,NA,NA,4.8,218,11.4,7.9,2,17.2,1975
sp,2015-03-27,86,0.41,3.6,NA,NA,NA,NA,NA,NA,NA,NA,NA,NA,4.8,221.1,10.4,7.8,2.1,NA,NA
sp,2015-03-27,86,0.41,3.75,D2,Mid-1,1.3591235096737346,5.52488127364889,60.413906546726636,0.0015487,0.0077435,0.02044284,0.009292199999999999,0.95,NA,NA,NA,NA,NA,NA,NA
sp,2015-03-27,86,0.41,3.75,D2,Mid-1,1.4391279360319842,6.110736774469908,58.92440801028057,NA,NA,NA,NA,NA,NA,NA,NA,NA,NA,NA,NA
sp,2015-03-27,86,0.41,3.9,NA,NA,NA,NA,NA,NA,NA,NA,NA,NA,4.7,223.6,9.7,7.7,2.7,NA,NA
sp,2015-03-27,86,0.41,4.1,NA,NA,NA,NA,NA,NA,NA,NA,NA,NA,4.7,227.4,6.9,7.6,2.8,20.2,4779
sp,2015-03-27,86,0.41,4.25,D3,Mid-2,3.2125602912829305,6.141571214392803,60.954935175269505,0.0015487,0.008053240000000001,0.02663764,0.00960194,1.1700000000000002,NA,NA,NA,NA,NA,NA,NA
sp,2015-03-27,86,0.41,4.25,D3,Mid-2,5.3460127793246235,7.004937174270008,61.349017705433,NA,NA,NA,NA,NA,NA,NA,NA,NA,NA,NA,NA
sp,2015-03-27,86,0.41,4.3,NA,NA,NA,NA,NA,NA,NA,NA,NA,NA,4.7,235.4,7.7,7.6,5,20.7,3683
sp,2015-03-27,86,0.41,4.5,D4,Mid-3,10.17294895409438,6.1724057257085745,69.03696737345614,6.1948e-4,0.008053240000000001,0.03004478,0.008672720000000002,1.25,4.7,249.7,8,7.6,37.8,25.2,4330
sp,2015-03-27,86,0.41,4.5,D4,Mid-3,10.88632212465196,7.082023416862997,70.62665638609268,NA,NA,NA,NA,NA,NA,NA,NA,NA,NA,NA,NA
sp,2015-03-27,86,0.41,4.75,D5,Bottom,6.046051831227244,3.7827321339330338,73.93294224316413,0.0021681800000000005,0.00960194,0.05048762,0.01177012,2.01,NA,NA,NA,NA,NA,NA,NA
sp,2015-03-27,86,0.41,4.75,D5,Bottom,6.3460686085528675,5.632802027557649,72.02932312415221,NA,NA,NA,NA,NA,NA,NA,NA,NA,NA,NA,NA
sp,2015-04-06,96,0.28,0.3,D1,Top,1.6058039551652745,0.24447354893981582,36.855784536303275,0.0018584399999999998,0.013938299999999999,0.02508894,0.01579674,1.32,3.3,69.9,14.6,9.3,1.2,6.4,1108
sp,2015-04-06,96,0.28,0.3,D1,Top,1.6258050260583994,0.1982217462697223,43.88247697579782,NA,NA,NA,NA,NA,NA,NA,NA,NA,NA,NA,NA
sp,2015-04-06,96,0.28,0.5,NA,NA,NA,NA,NA,NA,NA,NA,NA,NA,5.5,169.4,19.1,9,1.7,10,2028
sp,2015-04-06,96,0.28,0.8,NA,NA,NA,NA,NA,NA,NA,NA,NA,NA,5.7,188,19.5,9,1.4,NA,NA
sp,2015-04-06,96,0.28,1,NA,NA,NA,NA,NA,NA,NA,NA,NA,NA,5.9,194.3,19.6,9,1.5,12.3,2468
sp,2015-04-06,96,0.28,1.3,NA,NA,NA,NA,NA,NA,NA,NA,NA,NA,6,198.9,19.7,9,1.7,15.4,2420
sp,2015-04-06,96,0.28,1.6,NA,NA,NA,NA,NA,NA,NA,NA,NA,NA,6,203,19.5,8.9,3,NA,NA
sp,2015-04-06,96,0.28,1.9,NA,NA,NA,NA,NA,NA,NA,NA,NA,NA,5.6,201.6,18.1,8.7,4.1,14.7,2209
sp,2015-04-06,96,0.28,2.1,NA,NA,NA,NA,NA,NA,NA,NA,NA,NA,5.2,198.9,16.9,8.4,3.9,NA,NA
sp,2015-04-06,96,0.28,2.4,NA,NA,NA,NA,NA,NA,NA,NA,NA,NA,5,197.5,16.6,8.4,5,NA,NA
sp,2015-04-06,96,0.28,2.6,NA,NA,NA,NA,NA,NA,NA,NA,NA,NA,4.9,198.5,16.5,8.3,4.8,17.5,2514
sp,2015-04-06,96,0.28,2.9,NA,NA,NA,NA,NA,NA,NA,NA,NA,NA,4.6,199,16,8.2,5,NA,NA
sp,2015-04-06,96,0.28,3.1,NA,NA,NA,NA,NA,NA,NA,NA,NA,NA,4.6,207.1,13,7.7,3.5,15.6,2948
sp,2015-04-06,96,0.28,3.3,NA,NA,NA,NA,NA,NA,NA,NA,NA,NA,4.7,214.4,15.1,8,3.3,NA,NA
sp,2015-04-06,96,0.28,3.6,NA,NA,NA,NA,NA,NA,NA,NA,NA,NA,4.5,218,13.7,7.7,4.4,23.4,6610
sp,2015-04-06,96,0.28,3.8,D2,Mid-1,1.9391559220389807,0.6992823588205898,59.71257314200043,0.00557532,0.02694738,0.013938299999999999,0.0325227,1.49,NA,NA,NA,NA,NA,NA,NA
sp,2015-04-06,96,0.28,3.8,D2,Mid-1,1.5724687656171916,0.4526064110801742,59.812763618190914,NA,NA,NA,NA,NA,NA,NA,NA,NA,NA,NA,NA
sp,2015-04-06,96,0.28,3.9,NA,NA,NA,NA,NA,NA,NA,NA,NA,NA,4.2,225.2,12.2,7.6,4.4,NA,NA
sp,2015-04-06,96,0.28,4.1,NA,NA,NA,NA,NA,NA,NA,NA,NA,NA,4.2,229.7,10.6,7.6,3.1,13.4,2393
sp,2015-04-06,96,0.28,4.3,D3,Mid-2,2.712532376668808,0.8457461983294068,61.616192332405234,0.00278766,0.02508894,0.0170357,0.027876599999999998,1.4499999999999997,4.4,232.2,9.6,7.5,2.5,12.7,2567
sp,2015-04-06,96,0.28,4.3,D3,Mid-2,2.0791637038623545,0.7917858927679018,73.00451045905619,NA,NA,NA,NA,NA,NA,NA,NA,NA,NA,NA,NA
sp,2015-04-06,96,0.28,4.5,NA,NA,NA,NA,NA,NA,NA,NA,NA,NA,4.6,235.4,7.6,7.5,2.8,19,3869
sp,2015-04-06,96,0.28,4.55,D4,Mid-3,1.4991312914971087,1.7168208038837725,64.8957607624759,0.00247792,0.0247792,0.013938299999999999,0.027257120000000003,1.33,NA,NA,NA,NA,NA,NA,NA
sp,2015-04-06,96,0.28,4.55,D4,Mid-3,1.2324497751124437,0.8457461983294068,58.082807953166274,NA,NA,NA,NA,NA,NA,NA,NA,NA,NA,NA,NA
sp,2015-04-06,96,0.28,4.8,D5,Bottom,1.6391391447133576,1.231177482687228,55.80514435639324,NA,NA,NA,NA,NA,4.8,242.2,5.1,7.4,9.5,NA,NA
sp,2015-04-06,96,0.28,4.8,D5,Bottom,2.6458619975726423,1.1078394374241451,55.59808402941387,NA,NA,NA,NA,NA,NA,NA,NA,NA,NA,NA,NA
